{"Version":1,"ManifestType":"Publish","Endpoints":[{"Route":"BudgetTracker.7islp868yi.styles.css","AssetFile":"BudgetTracker.styles.css","Selectors":[],"ResponseHeaders":[{"Name":"Cache-Control","Value":"max-age=31536000, immutable"},{"Name":"Content-Length","Value":"1110"},{"Name":"Content-Type","Value":"text/css"},{"Name":"ETag","Value":"\"cUP0uwjSCmuwMxbsosg8IVM5+G2ShgwqLdMAUaMi2lE=\""},{"Name":"Last-Modified","Value":"Tue, 09 Dec 2025 03:09:20 GMT"}],"EndpointProperties":[{"Name":"fingerprint","Value":"7islp868yi"},{"Name":"integrity","Value":"sha256-cUP0uwjSCmuwMxbsosg8IVM5+G2ShgwqLdMAUaMi2lE="},{"Name":"label","Value":"BudgetTracker.styles.css"}]},{"Route":"BudgetTracker.styles.css","AssetFile":"BudgetTracker.styles.css","Selectors":[],"ResponseHeaders":[{"Name":"Cache-Control","Value":"no-cache"},{"Name":"Content-Length","Value":"1110"},{"Name":"Content-Type","Value":"text/css"},{"Name":"ETag","Value":"\"cUP0uwjSCmuwMxbsosg8IVM5+G2ShgwqLdMAUaMi2lE=\""},{"Name":"Last-Modified","Value":"Tue, 09 Dec 2025 03:09:20 GMT"}],"EndpointProperties":[{"Name":"integrity","Value":"sha256-cUP0uwjSCmuwMxbsosg8IVM5+G2ShgwqLdMAUaMi2lE="}]},{"Route":"css/site.cp3czg1aiz.css","AssetFile":"css/site.css","Selectors":[],"ResponseHeaders":[{"Name":"Cache-Control","Value":"max-age=31536000, immutable"},{"Name":"Content-Length","Value":"6993"},{"Name":"Content-Type","Value":"text/css"},{"Name":"ETag","Value":"\"QI9AsMUruTr6K0+UbtenP/ICtykT+7ECoiNn5Yw4WUc=\""},{"Name":"Last-Modified","Value":"Tue, 09 Dec 2025 02:10:13 GMT"}],"EndpointProperties":[{"Name":"fingerprint","Value":"cp3czg1aiz"},{"Name":"integrity","Value":"sha256-QI9AsMUruTr6K0+UbtenP/ICtykT+7ECoiNn5Yw4WUc="},{"Name":"label","Value":"css/site.css"}]},{"Route":"css/site.css","AssetFile":"css/site.css","Selectors":[],"ResponseHeaders":[{"Name":"Cache-Control","Value":"no-cache"},{"Name":"Content-Length","Value":"6993"},{"Name":"Content-Type","Value":"text/css"},{"Name":"ETag","Value":"\"QI9AsMUruTr6K0+UbtenP/ICtykT+7ECoiNn5Yw4WUc=\""},{"Name":"Last-Modified","Value":"Tue, 09 Dec 2025 02:10:13 GMT"}],"EndpointProperties":[{"Name":"integrity","Value":"sha256-QI9AsMUruTr6K0+UbtenP/ICtykT+7ECoiNn5Yw4WUc="}]},{"Route":"favicon.61n19gt1b8.ico","AssetFile":"favicon.ico","Selectors":[],"ResponseHeaders":[{"Name":"Cache-Control","Value":"max-age=31536000, immutable"},{"Name":"Content-Length","Value":"5430"},{"Name":"Content-Type","Value":"image/x-icon"},{"Name":"ETag","Value":"\"Jtxf9L+5ITKRc1gIRl4VbUpGkRNfOBXjYTdhJD4facM=\""},{"Name":"Last-Modified","Value":"Tue, 09 Dec 2025 00:31:38 GMT"}],"EndpointProperties":[{"Name":"fingerprint","Value":"61n19gt1b8"},{"Name":"integrity","Value":"sha256-Jtxf9L+5ITKRc1gIRl4VbUpGkRNfOBXjYTdhJD4facM="},{"Name":"label","Value":"favicon.ico"}]},{"Route":"favicon.ico","AssetFile":"favicon.ico","Selectors":[],"ResponseHeaders":[{"Name":"Cache-Control","Value":"max-age=3600, must-revalidate"},{"Name":"Content-Length","Value":"5430"},{"Name":"Content-Type","Value":"image/x-icon"},{"Name":"ETag","Value":"\"Jtxf9L+5ITKRc1gIRl4VbUpGkRNfOBXjYTdhJD4facM=\""},{"Name":"Last-Modified","Value":"Tue, 09 Dec 2025 00:31:38 GMT"}],"EndpointProperties":[{"Name":"integrity","Value":"sha256-Jtxf9L+5ITKRc1gIRl4VbUpGkRNfOBXjYTdhJD4facM="}]},{"Route":"js/site.04t8biu8dx.js","AssetFile":"js/site.js","Selectors":[],"ResponseHeaders":[{"Name":"Cache-Control","Value":"max-age=31536000, immutable"},{"Name":"Content-Length","Value":"5456"},{"Name":"Content-Type","Value":"text/javascript"},{"Name":"ETag","Value":"\"oGdp6ndOudij1k6laZNz62/uknVE7jeCkL4HCUTmN9c=\""},{"Name":"Last-Modified","Value":"Tue, 09 Dec 2025 01:49:29 GMT"}],"EndpointProperties":[{"Name":"fingerprint","Value":"04t8biu8dx"},{"Name":"integrity","Value":"sha256-oGdp6ndOudij1k6laZNz62/uknVE7jeCkL4HCUTmN9c="},{"Name":"label","Value":"js/site.js"}]},{"Route":"js/site.js","AssetFile":"js/site.js","Selectors":[],"ResponseHeaders":[{"Name":"Cache-Control","Value":"no-cache"},{"Name":"Content-Length","Value":"5456"},{"Name":"Content-Type","Value":"text/javascript"},{"Name":"ETag","Value":"\"oGdp6ndOudij1k6laZNz62/uknVE7jeCkL4HCUTmN9c=\""},{"Name":"Last-Modified","Value":"Tue, 09 Dec 2025 01:49:29 GMT"}],"EndpointProperties":[{"Name":"integrity","Value":"sha256-oGdp6ndOudij1k6laZNz62/uknVE7jeCkL4HCUTmN9c="}]},{"Route":"lib/bootstrap/LICENSE","AssetFile":"lib/bootstrap/LICENSE","Selectors":[],"ResponseHeaders":[{"Name":"Cache-Control","Value":"no-cache"},{"Name":"Content-Length","Value":"1158"},{"Name":"Content-Type","Value":"application/octet-stream"},{"Name":"ETag","Value":"\"SvGiEBlqBwzfGmS/zPEyk/mzccH33HVTsmt8rQrLKvQ=\""},{"Name":"Last-Modified","Value":"Tue, 09 Dec 2025 00:31:38 GMT"}],"EndpointProperties":[{"Name":"integrity","Value":"sha256-SvGiEBlqBwzfGmS/zPEyk/mzccH33HVTsmt8rQrLKvQ="}]},{"Route":"lib/bootstrap/LICENSE.q3j4hdxras","AssetFile":"lib/bootstrap/LICENSE","Selectors":[],"ResponseHeaders":[{"Name":"Cache-Control","Value":"max-age=31536000, immutable"},{"Name":"Content-Length","Value":"1158"},{"Name":"Content-Type","Value":"application/octet-stream"},{"Name":"ETag","Value":"\"SvGiEBlqBwzfGmS/zPEyk/mzccH33HVTsmt8rQrLKvQ=\""},{"Name":"Last-Modified","Value":"Tue, 09 Dec 2025 00:31:38 GMT"}],"EndpointProperties":[{"Name":"fingerprint","Value":"q3j4hdxras"},{"Name":"integrity","Value":"sha256-SvGiEBlqBwzfGmS/zPEyk/mzccH33HVTsmt8rQrLKvQ="},{"Name":"label","Value":"lib/bootstrap/LICENSE"}]},{"Route":"lib/bootstrap/dist/css/bootstrap-grid.2in15g3siw.css","AssetFile":"lib/bootstrap/dist/css/bootstrap-grid.css","Selectors":[],"ResponseHeaders":[{"Name":"Cache-Control","Value":"max-age=31536000, immutable"},{"Name":"Content-Length","Value":"75539"},{"Name":"Content-Type","Value":"text/css"},{"Name":"ETag","Value":"\"xj220ebaZgu0IhgLJMr1Bcmqez2iOGjErnk8JV3W25g=\""},{"Name":"Last-Modified","Value":"Tue, 09 Dec 2025 00:31:38 GMT"}],"EndpointProperties":[{"Name":"fingerprint","Value":"2in15g3siw"},{"Name":"integrity","Value":"sha256-xj220ebaZgu0IhgLJMr1Bcmqez2iOGjErnk8JV3W25g="},{"Name":"label","Value":"lib/bootstrap/dist/css/bootstrap-grid.css"}]},{"Route":"lib/bootstrap/dist/css/bootstrap-grid.css","AssetFile":"lib/bootstrap/dist/css/bootstrap-grid.css","Selectors":[],"ResponseHeaders":[{"Name":"Cache-Control","Value":"no-cache"},{"Name":"Content-Length","Value":"75539"},{"Name":"Content-Type","Value":"text/css"},{"Name":"ETag","Value":"\"xj220ebaZgu0IhgLJMr1Bcmqez2iOGjErnk8JV3W25g=\""},{"Name":"Last-Modified","Value":"Tue, 09 Dec 2025 00:31:38 GMT"}],"EndpointProperties":[{"Name":"integrity","Value":"sha256-xj220ebaZgu0IhgLJMr1Bcmqez2iOGjErnk8JV3W25g="}]},{"Route":"lib/bootstrap/dist/css/bootstrap-grid.css.map","AssetFile":"lib/bootstrap/dist/css/bootstrap-grid.css.map","Selectors":[],"ResponseHeaders":[{"Name":"Cache-Control","Value":"no-cache"},{"Name":"Content-Length","Value":"196535"},{"Name":"Content-Type","Value":"text/plain"},{"Name":"ETag","Value":"\"QO8cMbVkLiktUX1cHeXSUSe5nXMXUgyL9cjwnMyxPqc=\""},{"Name":"Last-Modified","Value":"Tue, 09 Dec 2025 00:31:38 GMT"}],"EndpointProperties":[{"Name":"integrity","Value":"sha256-QO8cMbVkLiktUX1cHeXSUSe5nXMXUgyL9cjwnMyxPqc="}]},{"Route":"lib/bootstrap/dist/css/bootstrap-grid.css.st1cbwfwo5.map","AssetFile":"lib/bootstrap/dist/css/bootstrap-grid.css.map","Selectors":[],"ResponseHeaders":[{"Name":"Cache-Control","Value":"max-age=31536000, immutable"},{"Name":"Content-Length","Value":"196535"},{"Name":"Content-Type","Value":"text/plain"},{"Name":"ETag","Value":"\"QO8cMbVkLiktUX1cHeXSUSe5nXMXUgyL9cjwnMyxPqc=\""},{"Name":"Last-Modified","Value":"Tue, 09 Dec 2025 00:31:38 GMT"}],"EndpointProperties":[{"Name":"fingerprint","Value":"st1cbwfwo5"},{"Name":"integrity","Value":"sha256-QO8cMbVkLiktUX1cHeXSUSe5nXMXUgyL9cjwnMyxPqc="},{"Name":"label","Value":"lib/bootstrap/dist/css/bootstrap-grid.css.map"}]},{"Route":"lib/bootstrap/dist/css/bootstrap-grid.min.5p029spbuu.css","AssetFile":"lib/bootstrap/dist/css/bootstrap-grid.min.css","Selectors":[],"ResponseHeaders":[{"Name":"Cache-Control","Value":"max-age=31536000, immutable"},{"Name":"Content-Length","Value":"51325"},{"Name":"Content-Type","Value":"text/css"},{"Name":"ETag","Value":"\"96ayIUEnpKr7n5BIsFK5vJ3qXMXFgvRl9/CBcHs6/Ts=\""},{"Name":"Last-Modified","Value":"Tue, 09 Dec 2025 00:31:38 GMT"}],"EndpointProperties":[{"Name":"fingerprint","Value":"5p029spbuu"},{"Name":"integrity","Value":"sha256-96ayIUEnpKr7n5BIsFK5vJ3qXMXFgvRl9/CBcHs6/Ts="},{"Name":"label","Value":"lib/bootstrap/dist/css/bootstrap-grid.min.css"}]},{"Route":"lib/bootstrap/dist/css/bootstrap-grid.min.css","AssetFile":"lib/bootstrap/dist/css/bootstrap-grid.min.css","Selectors":[],"ResponseHeaders":[{"Name":"Cache-Control","Value":"no-cache"},{"Name":"Content-Length","Value":"51325"},{"Name":"Content-Type","Value":"text/css"},{"Name":"ETag","Value":"\"96ayIUEnpKr7n5BIsFK5vJ3qXMXFgvRl9/CBcHs6/Ts=\""},{"Name":"Last-Modified","Value":"Tue, 09 Dec 2025 00:31:38 GMT"}],"EndpointProperties":[{"Name":"integrity","Value":"sha256-96ayIUEnpKr7n5BIsFK5vJ3qXMXFgvRl9/CBcHs6/Ts="}]},{"Route":"lib/bootstrap/dist/css/bootstrap-grid.min.css.5vj65cig9w.map","AssetFile":"lib/bootstrap/dist/css/bootstrap-grid.min.css.map","Selectors":[],"ResponseHeaders":[{"Name":"Cache-Control","Value":"max-age=31536000, immutable"},{"Name":"Content-Length","Value":"117439"},{"Name":"Content-Type","Value":"text/plain"},{"Name":"ETag","Value":"\"72C/qDCGu+OwWeVA03bf9Ke0T8oIozCub0lfJkhzhvE=\""},{"Name":"Last-Modified","Value":"Tue, 09 Dec 2025 00:31:38 GMT"}],"EndpointProperties":[{"Name":"fingerprint","Value":"5vj65cig9w"},{"Name":"integrity","Value":"sha256-72C/qDCGu+OwWeVA03bf9Ke0T8oIozCub0lfJkhzhvE="},{"Name":"label","Value":"lib/bootstrap/dist/css/bootstrap-grid.min.css.map"}]},{"Route":"lib/bootstrap/dist/css/bootstrap-grid.min.css.map","AssetFile":"lib/bootstrap/dist/css/bootstrap-grid.min.css.map","Selectors":[],"ResponseHeaders":[{"Name":"Cache-Control","Value":"no-cache"},{"Name":"Content-Length","Value":"117439"},{"Name":"Content-Type","Value":"text/plain"},{"Name":"ETag","Value":"\"72C/qDCGu+OwWeVA03bf9Ke0T8oIozCub0lfJkhzhvE=\""},{"Name":"Last-Modified","Value":"Tue, 09 Dec 2025 00:31:38 GMT"}],"EndpointProperties":[{"Name":"integrity","Value":"sha256-72C/qDCGu+OwWeVA03bf9Ke0T8oIozCub0lfJkhzhvE="}]},{"Route":"lib/bootstrap/dist/css/bootstrap-grid.rtl.css","AssetFile":"lib/bootstrap/dist/css/bootstrap-grid.rtl.css","Selectors":[],"ResponseHeaders":[{"Name":"Cache-Control","Value":"no-cache"},{"Name":"Content-Length","Value":"75612"},{"Name":"Content-Type","Value":"text/css"},{"Name":"ETag","Value":"\"cu4doSKqCvPHjQD2biUUBuphRz6QVQ6e/tNJM7bUzZo=\""},{"Name":"Last-Modified","Value":"Tue, 09 Dec 2025 00:31:38 GMT"}],"EndpointProperties":[{"Name":"integrity","Value":"sha256-cu4doSKqCvPHjQD2biUUBuphRz6QVQ6e/tNJM7bUzZo="}]},{"Route":"lib/bootstrap/dist/css/bootstrap-grid.rtl.css.2q4vfeazbq.map","AssetFile":"lib/bootstrap/dist/css/bootstrap-grid.rtl.css.map","Selectors":[],"ResponseHeaders":[{"Name":"Cache-Control","Value":"max-age=31536000, immutable"},{"Name":"Content-Length","Value":"196539"},{"Name":"Content-Type","Value":"text/plain"},{"Name":"ETag","Value":"\"qvA39OMlEs53jaewqVFmE8DQQrio47bZtlTs+Wu6U8g=\""},{"Name":"Last-Modified","Value":"Tue, 09 Dec 2025 00:31:38 GMT"}],"EndpointProperties":[{"Name":"fingerprint","Value":"2q4vfeazbq"},{"Name":"integrity","Value":"sha256-qvA39OMlEs53jaewqVFmE8DQQrio47bZtlTs+Wu6U8g="},{"Name":"label","Value":"lib/bootstrap/dist/css/bootstrap-grid.rtl.css.map"}]},{"Route":"lib/bootstrap/dist/css/bootstrap-grid.rtl.css.map","AssetFile":"lib/bootstrap/dist/css/bootstrap-grid.rtl.css.map","Selectors":[],"ResponseHeaders":[{"Name":"Cache-Control","Value":"no-cache"},{"Name":"Content-Length","Value":"196539"},{"Name":"Content-Type","Value":"text/plain"},{"Name":"ETag","Value":"\"qvA39OMlEs53jaewqVFmE8DQQrio47bZtlTs+Wu6U8g=\""},{"Name":"Last-Modified","Value":"Tue, 09 Dec 2025 00:31:38 GMT"}],"EndpointProperties":[{"Name":"integrity","Value":"sha256-qvA39OMlEs53jaewqVFmE8DQQrio47bZtlTs+Wu6U8g="}]},{"Route":"lib/bootstrap/dist/css/bootstrap-grid.rtl.izdnrswan7.css","AssetFile":"lib/bootstrap/dist/css/bootstrap-grid.rtl.css","Selectors":[],"ResponseHeaders":[{"Name":"Cache-Control","Value":"max-age=31536000, immutable"},{"Name":"Content-Length","Value":"75612"},{"Name":"Content-Type","Value":"text/css"},{"Name":"ETag","Value":"\"cu4doSKqCvPHjQD2biUUBuphRz6QVQ6e/tNJM7bUzZo=\""},{"Name":"Last-Modified","Value":"Tue, 09 Dec 2025 00:31:38 GMT"}],"EndpointProperties":[{"Name":"fingerprint","Value":"izdnrswan7"},{"Name":"integrity","Value":"sha256-cu4doSKqCvPHjQD2biUUBuphRz6QVQ6e/tNJM7bUzZo="},{"Name":"label","Value":"lib/bootstrap/dist/css/bootstrap-grid.rtl.css"}]},{"Route":"lib/bootstrap/dist/css/bootstrap-grid.rtl.min.css","AssetFile":"lib/bootstrap/dist/css/bootstrap-grid.rtl.min.css","Selectors":[],"ResponseHeaders":[{"Name":"Cache-Control","Value":"no-cache"},{"Name":"Content-Length","Value":"51400"},{"Name":"Content-Type","Value":"text/css"},{"Name":"ETag","Value":"\"9eX2dpELXvYs+6il2MHwf5OOPVOZjxVK1b1GWgL0B0k=\""},{"Name":"Last-Modified","Value":"Tue, 09 Dec 2025 00:31:38 GMT"}],"EndpointProperties":[{"Name":"integrity","Value":"sha256-9eX2dpELXvYs+6il2MHwf5OOPVOZjxVK1b1GWgL0B0k="}]},{"Route":"lib/bootstrap/dist/css/bootstrap-grid.rtl.min.css.map","AssetFile":"lib/bootstrap/dist/css/bootstrap-grid.rtl.min.css.map","Selectors":[],"ResponseHeaders":[{"Name":"Cache-Control","Value":"no-cache"},{"Name":"Content-Length","Value":"117516"},{"Name":"Content-Type","Value":"text/plain"},{"Name":"ETag","Value":"\"NDSZjIiMPRIoO7/w7+jHef8retP4riQa8PMj4BVRGok=\""},{"Name":"Last-Modified","Value":"Tue, 09 Dec 2025 00:31:38 GMT"}],"EndpointProperties":[{"Name":"integrity","Value":"sha256-NDSZjIiMPRIoO7/w7+jHef8retP4riQa8PMj4BVRGok="}]},{"Route":"lib/bootstrap/dist/css/bootstrap-grid.rtl.min.css.o371a8zbv2.map","AssetFile":"lib/bootstrap/dist/css/bootstrap-grid.rtl.min.css.map","Selectors":[],"ResponseHeaders":[{"Name":"Cache-Control","Value":"max-age=31536000, immutable"},{"Name":"Content-Length","Value":"117516"},{"Name":"Content-Type","Value":"text/plain"},{"Name":"ETag","Value":"\"NDSZjIiMPRIoO7/w7+jHef8retP4riQa8PMj4BVRGok=\""},{"Name":"Last-Modified","Value":"Tue, 09 Dec 2025 00:31:38 GMT"}],"EndpointProperties":[{"Name":"fingerprint","Value":"o371a8zbv2"},{"Name":"integrity","Value":"sha256-NDSZjIiMPRIoO7/w7+jHef8retP4riQa8PMj4BVRGok="},{"Name":"label","Value":"lib/bootstrap/dist/css/bootstrap-grid.rtl.min.css.map"}]},{"Route":"lib/bootstrap/dist/css/bootstrap-grid.rtl.min.dy6jgresuo.css","AssetFile":"lib/bootstrap/dist/css/bootstrap-grid.rtl.min.css","Selectors":[],"ResponseHeaders":[{"Name":"Cache-Control","Value":"max-age=31536000, immutable"},{"Name":"Content-Length","Value":"51400"},{"Name":"Content-Type","Value":"text/css"},{"Name":"ETag","Value":"\"9eX2dpELXvYs+6il2MHwf5OOPVOZjxVK1b1GWgL0B0k=\""},{"Name":"Last-Modified","Value":"Tue, 09 Dec 2025 00:31:38 GMT"}],"EndpointProperties":[{"Name":"fingerprint","Value":"dy6jgresuo"},{"Name":"integrity","Value":"sha256-9eX2dpELXvYs+6il2MHwf5OOPVOZjxVK1b1GWgL0B0k="},{"Name":"label","Value":"lib/bootstrap/dist/css/bootstrap-grid.rtl.min.css"}]},{"Route":"lib/bootstrap/dist/css/bootstrap-reboot.css","AssetFile":"lib/bootstrap/dist/css/bootstrap-reboot.css","Selectors":[],"ResponseHeaders":[{"Name":"Cache-Control","Value":"no-cache"},{"Name":"Content-Length","Value":"6281"},{"Name":"Content-Type","Value":"text/css"},{"Name":"ETag","Value":"\"yqj0BWGU72K5LoZNP8IfUz1JhiQAyMSJCovRgxRpZYA=\""},{"Name":"Last-Modified","Value":"Tue, 09 Dec 2025 00:31:38 GMT"}],"EndpointProperties":[{"Name":"integrity","Value":"sha256-yqj0BWGU72K5LoZNP8IfUz1JhiQAyMSJCovRgxRpZYA="}]},{"Route":"lib/bootstrap/dist/css/bootstrap-reboot.css.jeal3x0ldm.map","AssetFile":"lib/bootstrap/dist/css/bootstrap-reboot.css.map","Selectors":[],"ResponseHeaders":[{"Name":"Cache-Control","Value":"max-age=31536000, immutable"},{"Name":"Content-Length","Value":"105138"},{"Name":"Content-Type","Value":"text/plain"},{"Name":"ETag","Value":"\"FZG0KxbNqITUi4QY7QvPFRS/TccntMfFWfSTdHN/pws=\""},{"Name":"Last-Modified","Value":"Tue, 09 Dec 2025 00:31:38 GMT"}],"EndpointProperties":[{"Name":"fingerprint","Value":"jeal3x0ldm"},{"Name":"integrity","Value":"sha256-FZG0KxbNqITUi4QY7QvPFRS/TccntMfFWfSTdHN/pws="},{"Name":"label","Value":"lib/bootstrap/dist/css/bootstrap-reboot.css.map"}]},{"Route":"lib/bootstrap/dist/css/bootstrap-reboot.css.map","AssetFile":"lib/bootstrap/dist/css/bootstrap-reboot.css.map","Selectors":[],"ResponseHeaders":[{"Name":"Cache-Control","Value":"no-cache"},{"Name":"Content-Length","Value":"105138"},{"Name":"Content-Type","Value":"text/plain"},{"Name":"ETag","Value":"\"FZG0KxbNqITUi4QY7QvPFRS/TccntMfFWfSTdHN/pws=\""},{"Name":"Last-Modified","Value":"Tue, 09 Dec 2025 00:31:38 GMT"}],"EndpointProperties":[{"Name":"integrity","Value":"sha256-FZG0KxbNqITUi4QY7QvPFRS/TccntMfFWfSTdHN/pws="}]},{"Route":"lib/bootstrap/dist/css/bootstrap-reboot.min.css","AssetFile":"lib/bootstrap/dist/css/bootstrap-reboot.min.css","Selectors":[],"ResponseHeaders":[{"Name":"Cache-Control","Value":"no-cache"},{"Name":"Content-Length","Value":"4653"},{"Name":"Content-Type","Value":"text/css"},{"Name":"ETag","Value":"\"359CMPAICGkV+zve4A4HJMha3bwqTFTjl+QC1KJK5DQ=\""},{"Name":"Last-Modified","Value":"Tue, 09 Dec 2025 00:31:38 GMT"}],"EndpointProperties":[{"Name":"integrity","Value":"sha256-359CMPAICGkV+zve4A4HJMha3bwqTFTjl+QC1KJK5DQ="}]},{"Route":"lib/bootstrap/dist/css/bootstrap-reboot.min.css.map","AssetFile":"lib/bootstrap/dist/css/bootstrap-reboot.min.css.map","Selectors":[],"ResponseHeaders":[{"Name":"Cache-Control","Value":"no-cache"},{"Name":"Content-Length","Value":"35330"},{"Name":"Content-Type","Value":"text/plain"},{"Name":"ETag","Value":"\"2BbRsE/+czX1ufmDPGpnEieC9u6I3m5BKNDSX1ob3lg=\""},{"Name":"Last-Modified","Value":"Tue, 09 Dec 2025 00:31:38 GMT"}],"EndpointProperties":[{"Name":"integrity","Value":"sha256-2BbRsE/+czX1ufmDPGpnEieC9u6I3m5BKNDSX1ob3lg="}]},{"Route":"lib/bootstrap/dist/css/bootstrap-reboot.min.css.okkk44j0xs.map","AssetFile":"lib/bootstrap/dist/css/bootstrap-reboot.min.css.map","Selectors":[],"ResponseHeaders":[{"Name":"Cache-Control","Value":"max-age=31536000, immutable"},{"Name":"Content-Length","Value":"35330"},{"Name":"Content-Type","Value":"text/plain"},{"Name":"ETag","Value":"\"2BbRsE/+czX1ufmDPGpnEieC9u6I3m5BKNDSX1ob3lg=\""},{"Name":"Last-Modified","Value":"Tue, 09 Dec 2025 00:31:38 GMT"}],"EndpointProperties":[{"Name":"fingerprint","Value":"okkk44j0xs"},{"Name":"integrity","Value":"sha256-2BbRsE/+czX1ufmDPGpnEieC9u6I3m5BKNDSX1ob3lg="},{"Name":"label","Value":"lib/bootstrap/dist/css/bootstrap-reboot.min.css.map"}]},{"Route":"lib/bootstrap/dist/css/bootstrap-reboot.min.z7kmom2977.css","AssetFile":"lib/bootstrap/dist/css/bootstrap-reboot.min.css","Selectors":[],"ResponseHeaders":[{"Name":"Cache-Control","Value":"max-age=31536000, immutable"},{"Name":"Content-Length","Value":"4653"},{"Name":"Content-Type","Value":"text/css"},{"Name":"ETag","Value":"\"359CMPAICGkV+zve4A4HJMha3bwqTFTjl+QC1KJK5DQ=\""},{"Name":"Last-Modified","Value":"Tue, 09 Dec 2025 00:31:38 GMT"}],"EndpointProperties":[{"Name":"fingerprint","Value":"z7kmom2977"},{"Name":"integrity","Value":"sha256-359CMPAICGkV+zve4A4HJMha3bwqTFTjl+QC1KJK5DQ="},{"Name":"label","Value":"lib/bootstrap/dist/css/bootstrap-reboot.min.css"}]},{"Route":"lib/bootstrap/dist/css/bootstrap-reboot.mowzz1q69s.css","AssetFile":"lib/bootstrap/dist/css/bootstrap-reboot.css","Selectors":[],"ResponseHeaders":[{"Name":"Cache-Control","Value":"max-age=31536000, immutable"},{"Name":"Content-Length","Value":"6281"},{"Name":"Content-Type","Value":"text/css"},{"Name":"ETag","Value":"\"yqj0BWGU72K5LoZNP8IfUz1JhiQAyMSJCovRgxRpZYA=\""},{"Name":"Last-Modified","Value":"Tue, 09 Dec 2025 00:31:38 GMT"}],"EndpointProperties":[{"Name":"fingerprint","Value":"mowzz1q69s"},{"Name":"integrity","Value":"sha256-yqj0BWGU72K5LoZNP8IfUz1JhiQAyMSJCovRgxRpZYA="},{"Name":"label","Value":"lib/bootstrap/dist/css/bootstrap-reboot.css"}]},{"Route":"lib/bootstrap/dist/css/bootstrap-reboot.rtl.css","AssetFile":"lib/bootstrap/dist/css/bootstrap-reboot.rtl.css","Selectors":[],"ResponseHeaders":[{"Name":"Cache-Control","Value":"no-cache"},{"Name":"Content-Length","Value":"6255"},{"Name":"Content-Type","Value":"text/css"},{"Name":"ETag","Value":"\"/F3hdedB+Lta2YuVEXfuiKQ0dvk3xVGc7R3+uq/JaP0=\""},{"Name":"Last-Modified","Value":"Tue, 09 Dec 2025 00:31:38 GMT"}],"EndpointProperties":[{"Name":"integrity","Value":"sha256-/F3hdedB+Lta2YuVEXfuiKQ0dvk3xVGc7R3+uq/JaP0="}]},{"Route":"lib/bootstrap/dist/css/bootstrap-reboot.rtl.css.cwzlr5n8x4.map","AssetFile":"lib/bootstrap/dist/css/bootstrap-reboot.rtl.css.map","Selectors":[],"ResponseHeaders":[{"Name":"Cache-Control","Value":"max-age=31536000, immutable"},{"Name":"Content-Length","Value":"105151"},{"Name":"Content-Type","Value":"text/plain"},{"Name":"ETag","Value":"\"/EdWHN6t5XYPplC88vixGfrBvfEii19kAssb+0YBVU8=\""},{"Name":"Last-Modified","Value":"Tue, 09 Dec 2025 00:31:38 GMT"}],"EndpointProperties":[{"Name":"fingerprint","Value":"cwzlr5n8x4"},{"Name":"integrity","Value":"sha256-/EdWHN6t5XYPplC88vixGfrBvfEii19kAssb+0YBVU8="},{"Name":"label","Value":"lib/bootstrap/dist/css/bootstrap-reboot.rtl.css.map"}]},{"Route":"lib/bootstrap/dist/css/bootstrap-reboot.rtl.css.map","AssetFile":"lib/bootstrap/dist/css/bootstrap-reboot.rtl.css.map","Selectors":[],"ResponseHeaders":[{"Name":"Cache-Control","Value":"no-cache"},{"Name":"Content-Length","Value":"105151"},{"Name":"Content-Type","Value":"text/plain"},{"Name":"ETag","Value":"\"/EdWHN6t5XYPplC88vixGfrBvfEii19kAssb+0YBVU8=\""},{"Name":"Last-Modified","Value":"Tue, 09 Dec 2025 00:31:38 GMT"}],"EndpointProperties":[{"Name":"integrity","Value":"sha256-/EdWHN6t5XYPplC88vixGfrBvfEii19kAssb+0YBVU8="}]},{"Route":"lib/bootstrap/dist/css/bootstrap-reboot.rtl.kmd8bbrrlo.css","AssetFile":"lib/bootstrap/dist/css/bootstrap-reboot.rtl.css","Selectors":[],"ResponseHeaders":[{"Name":"Cache-Control","Value":"max-age=31536000, immutable"},{"Name":"Content-Length","Value":"6255"},{"Name":"Content-Type","Value":"text/css"},{"Name":"ETag","Value":"\"/F3hdedB+Lta2YuVEXfuiKQ0dvk3xVGc7R3+uq/JaP0=\""},{"Name":"Last-Modified","Value":"Tue, 09 Dec 2025 00:31:38 GMT"}],"EndpointProperties":[{"Name":"fingerprint","Value":"kmd8bbrrlo"},{"Name":"integrity","Value":"sha256-/F3hdedB+Lta2YuVEXfuiKQ0dvk3xVGc7R3+uq/JaP0="},{"Name":"label","Value":"lib/bootstrap/dist/css/bootstrap-reboot.rtl.css"}]},{"Route":"lib/bootstrap/dist/css/bootstrap-reboot.rtl.min.css","AssetFile":"lib/bootstrap/dist/css/bootstrap-reboot.rtl.min.css","Selectors":[],"ResponseHeaders":[{"Name":"Cache-Control","Value":"no-cache"},{"Name":"Content-Length","Value":"4725"},{"Name":"Content-Type","Value":"text/css"},{"Name":"ETag","Value":"\"BnHmEJpgor1n0UuwNdXG2VhHdV1r9MibuqBVHsgp9a8=\""},{"Name":"Last-Modified","Value":"Tue, 09 Dec 2025 00:31:38 GMT"}],"EndpointProperties":[{"Name":"integrity","Value":"sha256-BnHmEJpgor1n0UuwNdXG2VhHdV1r9MibuqBVHsgp9a8="}]},{"Route":"lib/bootstrap/dist/css/bootstrap-reboot.rtl.min.css.map","AssetFile":"lib/bootstrap/dist/css/bootstrap-reboot.rtl.min.css.map","Selectors":[],"ResponseHeaders":[{"Name":"Cache-Control","Value":"no-cache"},{"Name":"Content-Length","Value":"41570"},{"Name":"Content-Type","Value":"text/plain"},{"Name":"ETag","Value":"\"GMDk5pA5dFkOimkBAWeEjYZ+7lgHPS0jYln6p/WJVYs=\""},{"Name":"Last-Modified","Value":"Tue, 09 Dec 2025 00:31:38 GMT"}],"EndpointProperties":[{"Name":"integrity","Value":"sha256-GMDk5pA5dFkOimkBAWeEjYZ+7lgHPS0jYln6p/WJVYs="}]},{"Route":"lib/bootstrap/dist/css/bootstrap-reboot.rtl.min.css.wmug9u23qg.map","AssetFile":"lib/bootstrap/dist/css/bootstrap-reboot.rtl.min.css.map","Selectors":[],"ResponseHeaders":[{"Name":"Cache-Control","Value":"max-age=31536000, immutable"},{"Name":"Content-Length","Value":"41570"},{"Name":"Content-Type","Value":"text/plain"},{"Name":"ETag","Value":"\"GMDk5pA5dFkOimkBAWeEjYZ+7lgHPS0jYln6p/WJVYs=\""},{"Name":"Last-Modified","Value":"Tue, 09 Dec 2025 00:31:38 GMT"}],"EndpointProperties":[{"Name":"fingerprint","Value":"wmug9u23qg"},{"Name":"integrity","Value":"sha256-GMDk5pA5dFkOimkBAWeEjYZ+7lgHPS0jYln6p/WJVYs="},{"Name":"label","Value":"lib/bootstrap/dist/css/bootstrap-reboot.rtl.min.css.map"}]},{"Route":"lib/bootstrap/dist/css/bootstrap-reboot.rtl.min.y53cy5s2zj.css","AssetFile":"lib/bootstrap/dist/css/bootstrap-reboot.rtl.min.css","Selectors":[],"ResponseHeaders":[{"Name":"Cache-Control","Value":"max-age=31536000, immutable"},{"Name":"Content-Length","Value":"4725"},{"Name":"Content-Type","Value":"text/css"},{"Name":"ETag","Value":"\"BnHmEJpgor1n0UuwNdXG2VhHdV1r9MibuqBVHsgp9a8=\""},{"Name":"Last-Modified","Value":"Tue, 09 Dec 2025 00:31:38 GMT"}],"EndpointProperties":[{"Name":"fingerprint","Value":"y53cy5s2zj"},{"Name":"integrity","Value":"sha256-BnHmEJpgor1n0UuwNdXG2VhHdV1r9MibuqBVHsgp9a8="},{"Name":"label","Value":"lib/bootstrap/dist/css/bootstrap-reboot.rtl.min.css"}]},{"Route":"lib/bootstrap/dist/css/bootstrap-utilities.css","AssetFile":"lib/bootstrap/dist/css/bootstrap-utilities.css","Selectors":[],"ResponseHeaders":[{"Name":"Cache-Control","Value":"no-cache"},{"Name":"Content-Length","Value":"76454"},{"Name":"Content-Type","Value":"text/css"},{"Name":"ETag","Value":"\"vyAVsrNMDDpy0RjvodZgtdD2j8kOoXe4PqoEN/HOwmo=\""},{"Name":"Last-Modified","Value":"Tue, 09 Dec 2025 00:31:38 GMT"}],"EndpointProperties":[{"Name":"integrity","Value":"sha256-vyAVsrNMDDpy0RjvodZgtdD2j8kOoXe4PqoEN/HOwmo="}]},{"Route":"lib/bootstrap/dist/css/bootstrap-utilities.css.j75batdsum.map","AssetFile":"lib/bootstrap/dist/css/bootstrap-utilities.css.map","Selectors":[],"ResponseHeaders":[{"Name":"Cache-Control","Value":"max-age=31536000, immutable"},{"Name":"Content-Length","Value":"192271"},{"Name":"Content-Type","Value":"text/plain"},{"Name":"ETag","Value":"\"4WIqPof/vrXYO/jeJ4fDOQKUYWIwe64V3d+9/qNju20=\""},{"Name":"Last-Modified","Value":"Tue, 09 Dec 2025 00:31:38 GMT"}],"EndpointProperties":[{"Name":"fingerprint","Value":"j75batdsum"},{"Name":"integrity","Value":"sha256-4WIqPof/vrXYO/jeJ4fDOQKUYWIwe64V3d+9/qNju20="},{"Name":"label","Value":"lib/bootstrap/dist/css/bootstrap-utilities.css.map"}]},{"Route":"lib/bootstrap/dist/css/bootstrap-utilities.css.map","AssetFile":"lib/bootstrap/dist/css/bootstrap-utilities.css.map","Selectors":[],"ResponseHeaders":[{"Name":"Cache-Control","Value":"no-cache"},{"Name":"Content-Length","Value":"192271"},{"Name":"Content-Type","Value":"text/plain"},{"Name":"ETag","Value":"\"4WIqPof/vrXYO/jeJ4fDOQKUYWIwe64V3d+9/qNju20=\""},{"Name":"Last-Modified","Value":"Tue, 09 Dec 2025 00:31:38 GMT"}],"EndpointProperties":[{"Name":"integrity","Value":"sha256-4WIqPof/vrXYO/jeJ4fDOQKUYWIwe64V3d+9/qNju20="}]},{"Route":"lib/bootstrap/dist/css/bootstrap-utilities.min.2yn17lgxub.css","AssetFile":"lib/bootstrap/dist/css/bootstrap-utilities.min.css","Selectors":[],"ResponseHeaders":[{"Name":"Cache-Control","Value":"max-age=31536000, immutable"},{"Name":"Content-Length","Value":"53485"},{"Name":"Content-Type","Value":"text/css"},{"Name":"ETag","Value":"\"ekoF4YNq4OUU4BoZ6FG2LTKD68LJvW49arNgykHOZfM=\""},{"Name":"Last-Modified","Value":"Tue, 09 Dec 2025 00:31:38 GMT"}],"EndpointProperties":[{"Name":"fingerprint","Value":"2yn17lgxub"},{"Name":"integrity","Value":"sha256-ekoF4YNq4OUU4BoZ6FG2LTKD68LJvW49arNgykHOZfM="},{"Name":"label","Value":"lib/bootstrap/dist/css/bootstrap-utilities.min.css"}]},{"Route":"lib/bootstrap/dist/css/bootstrap-utilities.min.css","AssetFile":"lib/bootstrap/dist/css/bootstrap-utilities.min.css","Selectors":[],"ResponseHeaders":[{"Name":"Cache-Control","Value":"no-cache"},{"Name":"Content-Length","Value":"53485"},{"Name":"Content-Type","Value":"text/css"},{"Name":"ETag","Value":"\"ekoF4YNq4OUU4BoZ6FG2LTKD68LJvW49arNgykHOZfM=\""},{"Name":"Last-Modified","Value":"Tue, 09 Dec 2025 00:31:38 GMT"}],"EndpointProperties":[{"Name":"integrity","Value":"sha256-ekoF4YNq4OUU4BoZ6FG2LTKD68LJvW49arNgykHOZfM="}]},{"Route":"lib/bootstrap/dist/css/bootstrap-utilities.min.css.map","AssetFile":"lib/bootstrap/dist/css/bootstrap-utilities.min.css.map","Selectors":[],"ResponseHeaders":[{"Name":"Cache-Control","Value":"no-cache"},{"Name":"Content-Length","Value":"111875"},{"Name":"Content-Type","Value":"text/plain"},{"Name":"ETag","Value":"\"p1dop4slefZhL4zG2pa6+2HUrOY1UUArGJXmet8Md9c=\""},{"Name":"Last-Modified","Value":"Tue, 09 Dec 2025 00:31:38 GMT"}],"EndpointProperties":[{"Name":"integrity","Value":"sha256-p1dop4slefZhL4zG2pa6+2HUrOY1UUArGJXmet8Md9c="}]},{"Route":"lib/bootstrap/dist/css/bootstrap-utilities.min.css.vy0bq9ydhf.map","AssetFile":"lib/bootstrap/dist/css/bootstrap-utilities.min.css.map","Selectors":[],"ResponseHeaders":[{"Name":"Cache-Control","Value":"max-age=31536000, immutable"},{"Name":"Content-Length","Value":"111875"},{"Name":"Content-Type","Value":"text/plain"},{"Name":"ETag","Value":"\"p1dop4slefZhL4zG2pa6+2HUrOY1UUArGJXmet8Md9c=\""},{"Name":"Last-Modified","Value":"Tue, 09 Dec 2025 00:31:38 GMT"}],"EndpointProperties":[{"Name":"fingerprint","Value":"vy0bq9ydhf"},{"Name":"integrity","Value":"sha256-p1dop4slefZhL4zG2pa6+2HUrOY1UUArGJXmet8Md9c="},{"Name":"label","Value":"lib/bootstrap/dist/css/bootstrap-utilities.min.css.map"}]},{"Route":"lib/bootstrap/dist/css/bootstrap-utilities.rd1b5cb3tg.css","AssetFile":"lib/bootstrap/dist/css/bootstrap-utilities.css","Selectors":[],"ResponseHeaders":[{"Name":"Cache-Control","Value":"max-age=31536000, immutable"},{"Name":"Content-Length","Value":"76454"},{"Name":"Content-Type","Value":"text/css"},{"Name":"ETag","Value":"\"vyAVsrNMDDpy0RjvodZgtdD2j8kOoXe4PqoEN/HOwmo=\""},{"Name":"Last-Modified","Value":"Tue, 09 Dec 2025 00:31:38 GMT"}],"EndpointProperties":[{"Name":"fingerprint","Value":"rd1b5cb3tg"},{"Name":"integrity","Value":"sha256-vyAVsrNMDDpy0RjvodZgtdD2j8kOoXe4PqoEN/HOwmo="},{"Name":"label","Value":"lib/bootstrap/dist/css/bootstrap-utilities.css"}]},{"Route":"lib/bootstrap/dist/css/bootstrap-utilities.rtl.022mvow5ve.css","AssetFile":"lib/bootstrap/dist/css/bootstrap-utilities.rtl.css","Selectors":[],"ResponseHeaders":[{"Name":"Cache-Control","Value":"max-age=31536000, immutable"},{"Name":"Content-Length","Value":"76312"},{"Name":"Content-Type","Value":"text/css"},{"Name":"ETag","Value":"\"6NK5FZP4y6QJMOR+eB4AC5QyI81TZbxM3zQ8kgIigXg=\""},{"Name":"Last-Modified","Value":"Tue, 09 Dec 2025 00:31:38 GMT"}],"EndpointProperties":[{"Name":"fingerprint","Value":"022mvow5ve"},{"Name":"integrity","Value":"sha256-6NK5FZP4y6QJMOR+eB4AC5QyI81TZbxM3zQ8kgIigXg="},{"Name":"label","Value":"lib/bootstrap/dist/css/bootstrap-utilities.rtl.css"}]},{"Route":"lib/bootstrap/dist/css/bootstrap-utilities.rtl.css","AssetFile":"lib/bootstrap/dist/css/bootstrap-utilities.rtl.css","Selectors":[],"ResponseHeaders":[{"Name":"Cache-Control","Value":"no-cache"},{"Name":"Content-Length","Value":"76312"},{"Name":"Content-Type","Value":"text/css"},{"Name":"ETag","Value":"\"6NK5FZP4y6QJMOR+eB4AC5QyI81TZbxM3zQ8kgIigXg=\""},{"Name":"Last-Modified","Value":"Tue, 09 Dec 2025 00:31:38 GMT"}],"EndpointProperties":[{"Name":"integrity","Value":"sha256-6NK5FZP4y6QJMOR+eB4AC5QyI81TZbxM3zQ8kgIigXg="}]},{"Route":"lib/bootstrap/dist/css/bootstrap-utilities.rtl.css.ab1c3rmv7g.map","AssetFile":"lib/bootstrap/dist/css/bootstrap-utilities.rtl.css.map","Selectors":[],"ResponseHeaders":[{"Name":"Cache-Control","Value":"max-age=31536000, immutable"},{"Name":"Content-Length","Value":"192214"},{"Name":"Content-Type","Value":"text/plain"},{"Name":"ETag","Value":"\"puDgKwvlFAord9R8G8of9P2CVYIJUFSoIbjDLEsKEH0=\""},{"Name":"Last-Modified","Value":"Tue, 09 Dec 2025 00:31:38 GMT"}],"EndpointProperties":[{"Name":"fingerprint","Value":"ab1c3rmv7g"},{"Name":"integrity","Value":"sha256-puDgKwvlFAord9R8G8of9P2CVYIJUFSoIbjDLEsKEH0="},{"Name":"label","Value":"lib/bootstrap/dist/css/bootstrap-utilities.rtl.css.map"}]},{"Route":"lib/bootstrap/dist/css/bootstrap-utilities.rtl.css.map","AssetFile":"lib/bootstrap/dist/css/bootstrap-utilities.rtl.css.map","Selectors":[],"ResponseHeaders":[{"Name":"Cache-Control","Value":"no-cache"},{"Name":"Content-Length","Value":"192214"},{"Name":"Content-Type","Value":"text/plain"},{"Name":"ETag","Value":"\"puDgKwvlFAord9R8G8of9P2CVYIJUFSoIbjDLEsKEH0=\""},{"Name":"Last-Modified","Value":"Tue, 09 Dec 2025 00:31:38 GMT"}],"EndpointProperties":[{"Name":"integrity","Value":"sha256-puDgKwvlFAord9R8G8of9P2CVYIJUFSoIbjDLEsKEH0="}]},{"Route":"lib/bootstrap/dist/css/bootstrap-utilities.rtl.min.css","AssetFile":"lib/bootstrap/dist/css/bootstrap-utilities.rtl.min.css","Selectors":[],"ResponseHeaders":[{"Name":"Cache-Control","Value":"no-cache"},{"Name":"Content-Length","Value":"53413"},{"Name":"Content-Type","Value":"text/css"},{"Name":"ETag","Value":"\"wseUsl7uipUzPYc/DBMMTMFA7hBTcxpw29RKOxLzXSc=\""},{"Name":"Last-Modified","Value":"Tue, 09 Dec 2025 00:31:38 GMT"}],"EndpointProperties":[{"Name":"integrity","Value":"sha256-wseUsl7uipUzPYc/DBMMTMFA7hBTcxpw29RKOxLzXSc="}]},{"Route":"lib/bootstrap/dist/css/bootstrap-utilities.rtl.min.css.56d2bn4wt9.map","AssetFile":"lib/bootstrap/dist/css/bootstrap-utilities.rtl.min.css.map","Selectors":[],"ResponseHeaders":[{"Name":"Cache-Control","Value":"max-age=31536000, immutable"},{"Name":"Content-Length","Value":"111710"},{"Name":"Content-Type","Value":"text/plain"},{"Name":"ETag","Value":"\"02ka4ymoE5yEecLUncLG3/SouTQMnTJOktX+96Pt/88=\""},{"Name":"Last-Modified","Value":"Tue, 09 Dec 2025 00:31:38 GMT"}],"EndpointProperties":[{"Name":"fingerprint","Value":"56d2bn4wt9"},{"Name":"integrity","Value":"sha256-02ka4ymoE5yEecLUncLG3/SouTQMnTJOktX+96Pt/88="},{"Name":"label","Value":"lib/bootstrap/dist/css/bootstrap-utilities.rtl.min.css.map"}]},{"Route":"lib/bootstrap/dist/css/bootstrap-utilities.rtl.min.css.map","AssetFile":"lib/bootstrap/dist/css/bootstrap-utilities.rtl.min.css.map","Selectors":[],"ResponseHeaders":[{"Name":"Cache-Control","Value":"no-cache"},{"Name":"Content-Length","Value":"111710"},{"Name":"Content-Type","Value":"text/plain"},{"Name":"ETag","Value":"\"02ka4ymoE5yEecLUncLG3/SouTQMnTJOktX+96Pt/88=\""},{"Name":"Last-Modified","Value":"Tue, 09 Dec 2025 00:31:38 GMT"}],"EndpointProperties":[{"Name":"integrity","Value":"sha256-02ka4ymoE5yEecLUncLG3/SouTQMnTJOktX+96Pt/88="}]},{"Route":"lib/bootstrap/dist/css/bootstrap-utilities.rtl.min.ik6i2hrs65.css","AssetFile":"lib/bootstrap/dist/css/bootstrap-utilities.rtl.min.css","Selectors":[],"ResponseHeaders":[{"Name":"Cache-Control","Value":"max-age=31536000, immutable"},{"Name":"Content-Length","Value":"53413"},{"Name":"Content-Type","Value":"text/css"},{"Name":"ETag","Value":"\"wseUsl7uipUzPYc/DBMMTMFA7hBTcxpw29RKOxLzXSc=\""},{"Name":"Last-Modified","Value":"Tue, 09 Dec 2025 00:31:38 GMT"}],"EndpointProperties":[{"Name":"fingerprint","Value":"ik6i2hrs65"},{"Name":"integrity","Value":"sha256-wseUsl7uipUzPYc/DBMMTMFA7hBTcxpw29RKOxLzXSc="},{"Name":"label","Value":"lib/bootstrap/dist/css/bootstrap-utilities.rtl.min.css"}]},{"Route":"lib/bootstrap/dist/css/bootstrap.css","AssetFile":"lib/bootstrap/dist/css/bootstrap.css","Selectors":[],"ResponseHeaders":[{"Name":"Cache-Control","Value":"no-cache"},{"Name":"Content-Length","Value":"215361"},{"Name":"Content-Type","Value":"text/css"},{"Name":"ETag","Value":"\"9IWAA83I5SAgm42ZC0Eah1QnraFnHwPUzHYtdscukH4=\""},{"Name":"Last-Modified","Value":"Tue, 09 Dec 2025 00:31:38 GMT"}],"EndpointProperties":[{"Name":"integrity","Value":"sha256-9IWAA83I5SAgm42ZC0Eah1QnraFnHwPUzHYtdscukH4="}]},{"Route":"lib/bootstrap/dist/css/bootstrap.css.73kdqttayv.map","AssetFile":"lib/bootstrap/dist/css/bootstrap.css.map","Selectors":[],"ResponseHeaders":[{"Name":"Cache-Control","Value":"max-age=31536000, immutable"},{"Name":"Content-Length","Value":"536547"},{"Name":"Content-Type","Value":"text/plain"},{"Name":"ETag","Value":"\"DRvWr0gangj5/5Q3DRn6ttzpcWDzl3OpHoAwAzNDR5Q=\""},{"Name":"Last-Modified","Value":"Tue, 09 Dec 2025 00:31:38 GMT"}],"EndpointProperties":[{"Name":"fingerprint","Value":"73kdqttayv"},{"Name":"integrity","Value":"sha256-DRvWr0gangj5/5Q3DRn6ttzpcWDzl3OpHoAwAzNDR5Q="},{"Name":"label","Value":"lib/bootstrap/dist/css/bootstrap.css.map"}]},{"Route":"lib/bootstrap/dist/css/bootstrap.css.map","AssetFile":"lib/bootstrap/dist/css/bootstrap.css.map","Selectors":[],"ResponseHeaders":[{"Name":"Cache-Control","Value":"no-cache"},{"Name":"Content-Length","Value":"536547"},{"Name":"Content-Type","Value":"text/plain"},{"Name":"ETag","Value":"\"DRvWr0gangj5/5Q3DRn6ttzpcWDzl3OpHoAwAzNDR5Q=\""},{"Name":"Last-Modified","Value":"Tue, 09 Dec 2025 00:31:38 GMT"}],"EndpointProperties":[{"Name":"integrity","Value":"sha256-DRvWr0gangj5/5Q3DRn6ttzpcWDzl3OpHoAwAzNDR5Q="}]},{"Route":"lib/bootstrap/dist/css/bootstrap.cuj642dp0u.css","AssetFile":"lib/bootstrap/dist/css/bootstrap.css","Selectors":[],"ResponseHeaders":[{"Name":"Cache-Control","Value":"max-age=31536000, immutable"},{"Name":"Content-Length","Value":"215361"},{"Name":"Content-Type","Value":"text/css"},{"Name":"ETag","Value":"\"9IWAA83I5SAgm42ZC0Eah1QnraFnHwPUzHYtdscukH4=\""},{"Name":"Last-Modified","Value":"Tue, 09 Dec 2025 00:31:38 GMT"}],"EndpointProperties":[{"Name":"fingerprint","Value":"cuj642dp0u"},{"Name":"integrity","Value":"sha256-9IWAA83I5SAgm42ZC0Eah1QnraFnHwPUzHYtdscukH4="},{"Name":"label","Value":"lib/bootstrap/dist/css/bootstrap.css"}]},{"Route":"lib/bootstrap/dist/css/bootstrap.min.6gzpyzhau4.css","AssetFile":"lib/bootstrap/dist/css/bootstrap.min.css","Selectors":[],"ResponseHeaders":[{"Name":"Cache-Control","Value":"max-age=31536000, immutable"},{"Name":"Content-Length","Value":"162726"},{"Name":"Content-Type","Value":"text/css"},{"Name":"ETag","Value":"\"SiIVMGgRhdXjKSTIddX7mh9IbOXVcwQWc7/p4nS6D/0=\""},{"Name":"Last-Modified","Value":"Tue, 09 Dec 2025 00:31:38 GMT"}],"EndpointProperties":[{"Name":"fingerprint","Value":"6gzpyzhau4"},{"Name":"integrity","Value":"sha256-SiIVMGgRhdXjKSTIddX7mh9IbOXVcwQWc7/p4nS6D/0="},{"Name":"label","Value":"lib/bootstrap/dist/css/bootstrap.min.css"}]},{"Route":"lib/bootstrap/dist/css/bootstrap.min.css","AssetFile":"lib/bootstrap/dist/css/bootstrap.min.css","Selectors":[],"ResponseHeaders":[{"Name":"Cache-Control","Value":"no-cache"},{"Name":"Content-Length","Value":"162726"},{"Name":"Content-Type","Value":"text/css"},{"Name":"ETag","Value":"\"SiIVMGgRhdXjKSTIddX7mh9IbOXVcwQWc7/p4nS6D/0=\""},{"Name":"Last-Modified","Value":"Tue, 09 Dec 2025 00:31:38 GMT"}],"EndpointProperties":[{"Name":"integrity","Value":"sha256-SiIVMGgRhdXjKSTIddX7mh9IbOXVcwQWc7/p4nS6D/0="}]},{"Route":"lib/bootstrap/dist/css/bootstrap.min.css.8inm30yfxf.map","AssetFile":"lib/bootstrap/dist/css/bootstrap.min.css.map","Selectors":[],"ResponseHeaders":[{"Name":"Cache-Control","Value":"max-age=31536000, immutable"},{"Name":"Content-Length","Value":"449111"},{"Name":"Content-Type","Value":"text/plain"},{"Name":"ETag","Value":"\"gBwg2tmA0Ci2u54gMF1jNCVku6vznarkLS6D76htNNQ=\""},{"Name":"Last-Modified","Value":"Tue, 09 Dec 2025 00:31:38 GMT"}],"EndpointProperties":[{"Name":"fingerprint","Value":"8inm30yfxf"},{"Name":"integrity","Value":"sha256-gBwg2tmA0Ci2u54gMF1jNCVku6vznarkLS6D76htNNQ="},{"Name":"label","Value":"lib/bootstrap/dist/css/bootstrap.min.css.map"}]},{"Route":"lib/bootstrap/dist/css/bootstrap.min.css.map","AssetFile":"lib/bootstrap/dist/css/bootstrap.min.css.map","Selectors":[],"ResponseHeaders":[{"Name":"Cache-Control","Value":"no-cache"},{"Name":"Content-Length","Value":"449111"},{"Name":"Content-Type","Value":"text/plain"},{"Name":"ETag","Value":"\"gBwg2tmA0Ci2u54gMF1jNCVku6vznarkLS6D76htNNQ=\""},{"Name":"Last-Modified","Value":"Tue, 09 Dec 2025 00:31:38 GMT"}],"EndpointProperties":[{"Name":"integrity","Value":"sha256-gBwg2tmA0Ci2u54gMF1jNCVku6vznarkLS6D76htNNQ="}]},{"Route":"lib/bootstrap/dist/css/bootstrap.rtl.css","AssetFile":"lib/bootstrap/dist/css/bootstrap.rtl.css","Selectors":[],"ResponseHeaders":[{"Name":"Cache-Control","Value":"no-cache"},{"Name":"Content-Length","Value":"215004"},{"Name":"Content-Type","Value":"text/css"},{"Name":"ETag","Value":"\"rtOgcYlUIKb5YYd2u/gPpY81TxfoH3Gs2ohfxbp5OMg=\""},{"Name":"Last-Modified","Value":"Tue, 09 Dec 2025 00:31:38 GMT"}],"EndpointProperties":[{"Name":"integrity","Value":"sha256-rtOgcYlUIKb5YYd2u/gPpY81TxfoH3Gs2ohfxbp5OMg="}]},{"Route":"lib/bootstrap/dist/css/bootstrap.rtl.css.4gxs3k148c.map","AssetFile":"lib/bootstrap/dist/css/bootstrap.rtl.css.map","Selectors":[],"ResponseHeaders":[{"Name":"Cache-Control","Value":"max-age=31536000, immutable"},{"Name":"Content-Length","Value":"536461"},{"Name":"Content-Type","Value":"text/plain"},{"Name":"ETag","Value":"\"VFvmi/ZSwQFmjS6Pry9B8zXeZ/GA168TXLyykDhNMZE=\""},{"Name":"Last-Modified","Value":"Tue, 09 Dec 2025 00:31:38 GMT"}],"EndpointProperties":[{"Name":"fingerprint","Value":"4gxs3k148c"},{"Name":"integrity","Value":"sha256-VFvmi/ZSwQFmjS6Pry9B8zXeZ/GA168TXLyykDhNMZE="},{"Name":"label","Value":"lib/bootstrap/dist/css/bootstrap.rtl.css.map"}]},{"Route":"lib/bootstrap/dist/css/bootstrap.rtl.css.map","AssetFile":"lib/bootstrap/dist/css/bootstrap.rtl.css.map","Selectors":[],"ResponseHeaders":[{"Name":"Cache-Control","Value":"no-cache"},{"Name":"Content-Length","Value":"536461"},{"Name":"Content-Type","Value":"text/plain"},{"Name":"ETag","Value":"\"VFvmi/ZSwQFmjS6Pry9B8zXeZ/GA168TXLyykDhNMZE=\""},{"Name":"Last-Modified","Value":"Tue, 09 Dec 2025 00:31:38 GMT"}],"EndpointProperties":[{"Name":"integrity","Value":"sha256-VFvmi/ZSwQFmjS6Pry9B8zXeZ/GA168TXLyykDhNMZE="}]},{"Route":"lib/bootstrap/dist/css/bootstrap.rtl.min.6l4ir0ityv.css","AssetFile":"lib/bootstrap/dist/css/bootstrap.rtl.min.css","Selectors":[],"ResponseHeaders":[{"Name":"Cache-Control","Value":"max-age=31536000, immutable"},{"Name":"Content-Length","Value":"162831"},{"Name":"Content-Type","Value":"text/css"},{"Name":"ETag","Value":"\"ukKL5IDSyNoXFyp0wkgXeBpBITyM7JsCE6Dp96H1vI8=\""},{"Name":"Last-Modified","Value":"Tue, 09 Dec 2025 00:31:38 GMT"}],"EndpointProperties":[{"Name":"fingerprint","Value":"6l4ir0ityv"},{"Name":"integrity","Value":"sha256-ukKL5IDSyNoXFyp0wkgXeBpBITyM7JsCE6Dp96H1vI8="},{"Name":"label","Value":"lib/bootstrap/dist/css/bootstrap.rtl.min.css"}]},{"Route":"lib/bootstrap/dist/css/bootstrap.rtl.min.css","AssetFile":"lib/bootstrap/dist/css/bootstrap.rtl.min.css","Selectors":[],"ResponseHeaders":[{"Name":"Cache-Control","Value":"no-cache"},{"Name":"Content-Length","Value":"162831"},{"Name":"Content-Type","Value":"text/css"},{"Name":"ETag","Value":"\"ukKL5IDSyNoXFyp0wkgXeBpBITyM7JsCE6Dp96H1vI8=\""},{"Name":"Last-Modified","Value":"Tue, 09 Dec 2025 00:31:38 GMT"}],"EndpointProperties":[{"Name":"integrity","Value":"sha256-ukKL5IDSyNoXFyp0wkgXeBpBITyM7JsCE6Dp96H1vI8="}]},{"Route":"lib/bootstrap/dist/css/bootstrap.rtl.min.css.fctod5rc9n.map","AssetFile":"lib/bootstrap/dist/css/bootstrap.rtl.min.css.map","Selectors":[],"ResponseHeaders":[{"Name":"Cache-Control","Value":"max-age=31536000, immutable"},{"Name":"Content-Length","Value":"661035"},{"Name":"Content-Type","Value":"text/plain"},{"Name":"ETag","Value":"\"j7uqK5VoTT4rUHMr911QEU5Sa94lR3uh9E28XBMlzrM=\""},{"Name":"Last-Modified","Value":"Tue, 09 Dec 2025 00:31:38 GMT"}],"EndpointProperties":[{"Name":"fingerprint","Value":"fctod5rc9n"},{"Name":"integrity","Value":"sha256-j7uqK5VoTT4rUHMr911QEU5Sa94lR3uh9E28XBMlzrM="},{"Name":"label","Value":"lib/bootstrap/dist/css/bootstrap.rtl.min.css.map"}]},{"Route":"lib/bootstrap/dist/css/bootstrap.rtl.min.css.map","AssetFile":"lib/bootstrap/dist/css/bootstrap.rtl.min.css.map","Selectors":[],"ResponseHeaders":[{"Name":"Cache-Control","Value":"no-cache"},{"Name":"Content-Length","Value":"661035"},{"Name":"Content-Type","Value":"text/plain"},{"Name":"ETag","Value":"\"j7uqK5VoTT4rUHMr911QEU5Sa94lR3uh9E28XBMlzrM=\""},{"Name":"Last-Modified","Value":"Tue, 09 Dec 2025 00:31:38 GMT"}],"EndpointProperties":[{"Name":"integrity","Value":"sha256-j7uqK5VoTT4rUHMr911QEU5Sa94lR3uh9E28XBMlzrM="}]},{"Route":"lib/bootstrap/dist/css/bootstrap.rtl.ygnabj84am.css","AssetFile":"lib/bootstrap/dist/css/bootstrap.rtl.css","Selectors":[],"ResponseHeaders":[{"Name":"Cache-Control","Value":"max-age=31536000, immutable"},{"Name":"Content-Length","Value":"215004"},{"Name":"Content-Type","Value":"text/css"},{"Name":"ETag","Value":"\"rtOgcYlUIKb5YYd2u/gPpY81TxfoH3Gs2ohfxbp5OMg=\""},{"Name":"Last-Modified","Value":"Tue, 09 Dec 2025 00:31:38 GMT"}],"EndpointProperties":[{"Name":"fingerprint","Value":"ygnabj84am"},{"Name":"integrity","Value":"sha256-rtOgcYlUIKb5YYd2u/gPpY81TxfoH3Gs2ohfxbp5OMg="},{"Name":"label","Value":"lib/bootstrap/dist/css/bootstrap.rtl.css"}]},{"Route":"lib/bootstrap/dist/js/bootstrap.bundle.js","AssetFile":"lib/bootstrap/dist/js/bootstrap.bundle.js","Selectors":[],"ResponseHeaders":[{"Name":"Cache-Control","Value":"no-cache"},{"Name":"Content-Length","Value":"215277"},{"Name":"Content-Type","Value":"text/javascript"},{"Name":"ETag","Value":"\"DmeaLTrCJLPJ6dPKlmSezYFTxpvEdmkTnR5S1D/HEVU=\""},{"Name":"Last-Modified","Value":"Tue, 09 Dec 2025 00:31:38 GMT"}],"EndpointProperties":[{"Name":"integrity","Value":"sha256-DmeaLTrCJLPJ6dPKlmSezYFTxpvEdmkTnR5S1D/HEVU="}]},{"Route":"lib/bootstrap/dist/js/bootstrap.bundle.js.kbynt5jhd9.map","AssetFile":"lib/bootstrap/dist/js/bootstrap.bundle.js.map","Selectors":[],"ResponseHeaders":[{"Name":"Cache-Control","Value":"max-age=31536000, immutable"},{"Name":"Content-Length","Value":"425643"},{"Name":"Content-Type","Value":"text/plain"},{"Name":"ETag","Value":"\"gO4uhxfGuK0ONjRlHuwfghGfEXT5azm1oHWnTEFGTfk=\""},{"Name":"Last-Modified","Value":"Tue, 09 Dec 2025 00:31:38 GMT"}],"EndpointProperties":[{"Name":"fingerprint","Value":"kbynt5jhd9"},{"Name":"integrity","Value":"sha256-gO4uhxfGuK0ONjRlHuwfghGfEXT5azm1oHWnTEFGTfk="},{"Name":"label","Value":"lib/bootstrap/dist/js/bootstrap.bundle.js.map"}]},{"Route":"lib/bootstrap/dist/js/bootstrap.bundle.js.map","AssetFile":"lib/bootstrap/dist/js/bootstrap.bundle.js.map","Selectors":[],"ResponseHeaders":[{"Name":"Cache-Control","Value":"no-cache"},{"Name":"Content-Length","Value":"425643"},{"Name":"Content-Type","Value":"text/plain"},{"Name":"ETag","Value":"\"gO4uhxfGuK0ONjRlHuwfghGfEXT5azm1oHWnTEFGTfk=\""},{"Name":"Last-Modified","Value":"Tue, 09 Dec 2025 00:31:38 GMT"}],"EndpointProperties":[{"Name":"integrity","Value":"sha256-gO4uhxfGuK0ONjRlHuwfghGfEXT5azm1oHWnTEFGTfk="}]},{"Route":"lib/bootstrap/dist/js/bootstrap.bundle.min.89qbw8ngem.js","AssetFile":"lib/bootstrap/dist/js/bootstrap.bundle.min.js","Selectors":[],"ResponseHeaders":[{"Name":"Cache-Control","Value":"max-age=31536000, immutable"},{"Name":"Content-Length","Value":"78474"},{"Name":"Content-Type","Value":"text/javascript"},{"Name":"ETag","Value":"\"rAnWnVnzChxAAi8NS+Ilr1mE7Sj+do+X/DqyilNsznM=\""},{"Name":"Last-Modified","Value":"Tue, 09 Dec 2025 00:31:38 GMT"}],"EndpointProperties":[{"Name":"fingerprint","Value":"89qbw8ngem"},{"Name":"integrity","Value":"sha256-rAnWnVnzChxAAi8NS+Ilr1mE7Sj+do+X/DqyilNsznM="},{"Name":"label","Value":"lib/bootstrap/dist/js/bootstrap.bundle.min.js"}]},{"Route":"lib/bootstrap/dist/js/bootstrap.bundle.min.js","AssetFile":"lib/bootstrap/dist/js/bootstrap.bundle.min.js","Selectors":[],"ResponseHeaders":[{"Name":"Cache-Control","Value":"no-cache"},{"Name":"Content-Length","Value":"78474"},{"Name":"Content-Type","Value":"text/javascript"},{"Name":"ETag","Value":"\"rAnWnVnzChxAAi8NS+Ilr1mE7Sj+do+X/DqyilNsznM=\""},{"Name":"Last-Modified","Value":"Tue, 09 Dec 2025 00:31:38 GMT"}],"EndpointProperties":[{"Name":"integrity","Value":"sha256-rAnWnVnzChxAAi8NS+Ilr1mE7Sj+do+X/DqyilNsznM="}]},{"Route":"lib/bootstrap/dist/js/bootstrap.bundle.min.js.c2nslu3uf3.map","AssetFile":"lib/bootstrap/dist/js/bootstrap.bundle.min.js.map","Selectors":[],"ResponseHeaders":[{"Name":"Cache-Control","Value":"max-age=31536000, immutable"},{"Name":"Content-Length","Value":"327261"},{"Name":"Content-Type","Value":"text/plain"},{"Name":"ETag","Value":"\"xIBBxDPvWhk8/JdaFEZoejadfaKFUfZFwRS1D4Jkuro=\""},{"Name":"Last-Modified","Value":"Tue, 09 Dec 2025 00:31:38 GMT"}],"EndpointProperties":[{"Name":"fingerprint","Value":"c2nslu3uf3"},{"Name":"integrity","Value":"sha256-xIBBxDPvWhk8/JdaFEZoejadfaKFUfZFwRS1D4Jkuro="},{"Name":"label","Value":"lib/bootstrap/dist/js/bootstrap.bundle.min.js.map"}]},{"Route":"lib/bootstrap/dist/js/bootstrap.bundle.min.js.map","AssetFile":"lib/bootstrap/dist/js/bootstrap.bundle.min.js.map","Selectors":[],"ResponseHeaders":[{"Name":"Cache-Control","Value":"no-cache"},{"Name":"Content-Length","Value":"327261"},{"Name":"Content-Type","Value":"text/plain"},{"Name":"ETag","Value":"\"xIBBxDPvWhk8/JdaFEZoejadfaKFUfZFwRS1D4Jkuro=\""},{"Name":"Last-Modified","Value":"Tue, 09 Dec 2025 00:31:38 GMT"}],"EndpointProperties":[{"Name":"integrity","Value":"sha256-xIBBxDPvWhk8/JdaFEZoejadfaKFUfZFwRS1D4Jkuro="}]},{"Route":"lib/bootstrap/dist/js/bootstrap.bundle.mjr2pm1zrr.js","AssetFile":"lib/bootstrap/dist/js/bootstrap.bundle.js","Selectors":[],"ResponseHeaders":[{"Name":"Cache-Control","Value":"max-age=31536000, immutable"},{"Name":"Content-Length","Value":"215277"},{"Name":"Content-Type","Value":"text/javascript"},{"Name":"ETag","Value":"\"DmeaLTrCJLPJ6dPKlmSezYFTxpvEdmkTnR5S1D/HEVU=\""},{"Name":"Last-Modified","Value":"Tue, 09 Dec 2025 00:31:38 GMT"}],"EndpointProperties":[{"Name":"fingerprint","Value":"mjr2pm1zrr"},{"Name":"integrity","Value":"sha256-DmeaLTrCJLPJ6dPKlmSezYFTxpvEdmkTnR5S1D/HEVU="},{"Name":"label","Value":"lib/bootstrap/dist/js/bootstrap.bundle.js"}]},{"Route":"lib/bootstrap/dist/js/bootstrap.esm.e2v1rpgkr5.js","AssetFile":"lib/bootstrap/dist/js/bootstrap.esm.js","Selectors":[],"ResponseHeaders":[{"Name":"Cache-Control","Value":"max-age=31536000, immutable"},{"Name":"Content-Length","Value":"144001"},{"Name":"Content-Type","Value":"text/javascript"},{"Name":"ETag","Value":"\"hlKMnUqrzIEAB7lt987bq0r3A+jcCP7mja9w9BbTuUw=\""},{"Name":"Last-Modified","Value":"Tue, 09 Dec 2025 00:31:38 GMT"}],"EndpointProperties":[{"Name":"fingerprint","Value":"e2v1rpgkr5"},{"Name":"integrity","Value":"sha256-hlKMnUqrzIEAB7lt987bq0r3A+jcCP7mja9w9BbTuUw="},{"Name":"label","Value":"lib/bootstrap/dist/js/bootstrap.esm.js"}]},{"Route":"lib/bootstrap/dist/js/bootstrap.esm.js","AssetFile":"lib/bootstrap/dist/js/bootstrap.esm.js","Selectors":[],"ResponseHeaders":[{"Name":"Cache-Control","Value":"no-cache"},{"Name":"Content-Length","Value":"144001"},{"Name":"Content-Type","Value":"text/javascript"},{"Name":"ETag","Value":"\"hlKMnUqrzIEAB7lt987bq0r3A+jcCP7mja9w9BbTuUw=\""},{"Name":"Last-Modified","Value":"Tue, 09 Dec 2025 00:31:38 GMT"}],"EndpointProperties":[{"Name":"integrity","Value":"sha256-hlKMnUqrzIEAB7lt987bq0r3A+jcCP7mja9w9BbTuUw="}]},{"Route":"lib/bootstrap/dist/js/bootstrap.esm.js.2lgwfvgpvi.map","AssetFile":"lib/bootstrap/dist/js/bootstrap.esm.js.map","Selectors":[],"ResponseHeaders":[{"Name":"Cache-Control","Value":"max-age=31536000, immutable"},{"Name":"Content-Length","Value":"288320"},{"Name":"Content-Type","Value":"text/plain"},{"Name":"ETag","Value":"\"CllC/sbLvyLE9cQljmFRlITfqdZRnBv2ysX5LJtl/dg=\""},{"Name":"Last-Modified","Value":"Tue, 09 Dec 2025 00:31:38 GMT"}],"EndpointProperties":[{"Name":"fingerprint","Value":"2lgwfvgpvi"},{"Name":"integrity","Value":"sha256-CllC/sbLvyLE9cQljmFRlITfqdZRnBv2ysX5LJtl/dg="},{"Name":"label","Value":"lib/bootstrap/dist/js/bootstrap.esm.js.map"}]},{"Route":"lib/bootstrap/dist/js/bootstrap.esm.js.map","AssetFile":"lib/bootstrap/dist/js/bootstrap.esm.js.map","Selectors":[],"ResponseHeaders":[{"Name":"Cache-Control","Value":"no-cache"},{"Name":"Content-Length","Value":"288320"},{"Name":"Content-Type","Value":"text/plain"},{"Name":"ETag","Value":"\"CllC/sbLvyLE9cQljmFRlITfqdZRnBv2ysX5LJtl/dg=\""},{"Name":"Last-Modified","Value":"Tue, 09 Dec 2025 00:31:38 GMT"}],"EndpointProperties":[{"Name":"integrity","Value":"sha256-CllC/sbLvyLE9cQljmFRlITfqdZRnBv2ysX5LJtl/dg="}]},{"Route":"lib/bootstrap/dist/js/bootstrap.esm.min.jqwzsa9uv6.js","AssetFile":"lib/bootstrap/dist/js/bootstrap.esm.min.js","Selectors":[],"ResponseHeaders":[{"Name":"Cache-Control","Value":"max-age=31536000, immutable"},{"Name":"Content-Length","Value":"72022"},{"Name":"Content-Type","Value":"text/javascript"},{"Name":"ETag","Value":"\"hVv0IJy8sIv1uIlVQOHnZFNAGprmLfDV+x0anYPmxYU=\""},{"Name":"Last-Modified","Value":"Tue, 09 Dec 2025 00:31:38 GMT"}],"EndpointProperties":[{"Name":"fingerprint","Value":"jqwzsa9uv6"},{"Name":"integrity","Value":"sha256-hVv0IJy8sIv1uIlVQOHnZFNAGprmLfDV+x0anYPmxYU="},{"Name":"label","Value":"lib/bootstrap/dist/js/bootstrap.esm.min.js"}]},{"Route":"lib/bootstrap/dist/js/bootstrap.esm.min.js","AssetFile":"lib/bootstrap/dist/js/bootstrap.esm.min.js","Selectors":[],"ResponseHeaders":[{"Name":"Cache-Control","Value":"no-cache"},{"Name":"Content-Length","Value":"72022"},{"Name":"Content-Type","Value":"text/javascript"},{"Name":"ETag","Value":"\"hVv0IJy8sIv1uIlVQOHnZFNAGprmLfDV+x0anYPmxYU=\""},{"Name":"Last-Modified","Value":"Tue, 09 Dec 2025 00:31:38 GMT"}],"EndpointProperties":[{"Name":"integrity","Value":"sha256-hVv0IJy8sIv1uIlVQOHnZFNAGprmLfDV+x0anYPmxYU="}]},{"Route":"lib/bootstrap/dist/js/bootstrap.esm.min.js.map","AssetFile":"lib/bootstrap/dist/js/bootstrap.esm.min.js.map","Selectors":[],"ResponseHeaders":[{"Name":"Cache-Control","Value":"no-cache"},{"Name":"Content-Length","Value":"222508"},{"Name":"Content-Type","Value":"text/plain"},{"Name":"ETag","Value":"\"sPqzWcSS9aRa2gpWTVNQzemajn8hrFjgXPj3j9QItQo=\""},{"Name":"Last-Modified","Value":"Tue, 09 Dec 2025 00:31:38 GMT"}],"EndpointProperties":[{"Name":"integrity","Value":"sha256-sPqzWcSS9aRa2gpWTVNQzemajn8hrFjgXPj3j9QItQo="}]},{"Route":"lib/bootstrap/dist/js/bootstrap.esm.min.js.wsezl0heh6.map","AssetFile":"lib/bootstrap/dist/js/bootstrap.esm.min.js.map","Selectors":[],"ResponseHeaders":[{"Name":"Cache-Control","Value":"max-age=31536000, immutable"},{"Name":"Content-Length","Value":"222508"},{"Name":"Content-Type","Value":"text/plain"},{"Name":"ETag","Value":"\"sPqzWcSS9aRa2gpWTVNQzemajn8hrFjgXPj3j9QItQo=\""},{"Name":"Last-Modified","Value":"Tue, 09 Dec 2025 00:31:38 GMT"}],"EndpointProperties":[{"Name":"fingerprint","Value":"wsezl0heh6"},{"Name":"integrity","Value":"sha256-sPqzWcSS9aRa2gpWTVNQzemajn8hrFjgXPj3j9QItQo="},{"Name":"label","Value":"lib/bootstrap/dist/js/bootstrap.esm.min.js.map"}]},{"Route":"lib/bootstrap/dist/js/bootstrap.ipycp2zfiy.js","AssetFile":"lib/bootstrap/dist/js/bootstrap.js","Selectors":[],"ResponseHeaders":[{"Name":"Cache-Control","Value":"max-age=31536000, immutable"},{"Name":"Content-Length","Value":"153199"},{"Name":"Content-Type","Value":"text/javascript"},{"Name":"ETag","Value":"\"titOx38raa9uDzteCuQzxyz+CU7eTet4Wyci4WgxcwY=\""},{"Name":"Last-Modified","Value":"Tue, 09 Dec 2025 00:31:38 GMT"}],"EndpointProperties":[{"Name":"fingerprint","Value":"ipycp2zfiy"},{"Name":"integrity","Value":"sha256-titOx38raa9uDzteCuQzxyz+CU7eTet4Wyci4WgxcwY="},{"Name":"label","Value":"lib/bootstrap/dist/js/bootstrap.js"}]},{"Route":"lib/bootstrap/dist/js/bootstrap.js","AssetFile":"lib/bootstrap/dist/js/bootstrap.js","Selectors":[],"ResponseHeaders":[{"Name":"Cache-Control","Value":"no-cache"},{"Name":"Content-Length","Value":"153199"},{"Name":"Content-Type","Value":"text/javascript"},{"Name":"ETag","Value":"\"titOx38raa9uDzteCuQzxyz+CU7eTet4Wyci4WgxcwY=\""},{"Name":"Last-Modified","Value":"Tue, 09 Dec 2025 00:31:38 GMT"}],"EndpointProperties":[{"Name":"integrity","Value":"sha256-titOx38raa9uDzteCuQzxyz+CU7eTet4Wyci4WgxcwY="}]},{"Route":"lib/bootstrap/dist/js/bootstrap.js.6ukhryfubh.map","AssetFile":"lib/bootstrap/dist/js/bootstrap.js.map","Selectors":[],"ResponseHeaders":[{"Name":"Cache-Control","Value":"max-age=31536000, immutable"},{"Name":"Content-Length","Value":"289522"},{"Name":"Content-Type","Value":"text/plain"},{"Name":"ETag","Value":"\"Qkl5mZUZ64aYBaORRMP9jfD1kz8J6FwiV2M86JDJkdQ=\""},{"Name":"Last-Modified","Value":"Tue, 09 Dec 2025 00:31:38 GMT"}],"EndpointProperties":[{"Name":"fingerprint","Value":"6ukhryfubh"},{"Name":"integrity","Value":"sha256-Qkl5mZUZ64aYBaORRMP9jfD1kz8J6FwiV2M86JDJkdQ="},{"Name":"label","Value":"lib/bootstrap/dist/js/bootstrap.js.map"}]},{"Route":"lib/bootstrap/dist/js/bootstrap.js.map","AssetFile":"lib/bootstrap/dist/js/bootstrap.js.map","Selectors":[],"ResponseHeaders":[{"Name":"Cache-Control","Value":"no-cache"},{"Name":"Content-Length","Value":"289522"},{"Name":"Content-Type","Value":"text/plain"},{"Name":"ETag","Value":"\"Qkl5mZUZ64aYBaORRMP9jfD1kz8J6FwiV2M86JDJkdQ=\""},{"Name":"Last-Modified","Value":"Tue, 09 Dec 2025 00:31:38 GMT"}],"EndpointProperties":[{"Name":"integrity","Value":"sha256-Qkl5mZUZ64aYBaORRMP9jfD1kz8J6FwiV2M86JDJkdQ="}]},{"Route":"lib/bootstrap/dist/js/bootstrap.min.4908xmbfjr.js","AssetFile":"lib/bootstrap/dist/js/bootstrap.min.js","Selectors":[],"ResponseHeaders":[{"Name":"Cache-Control","Value":"max-age=31536000, immutable"},{"Name":"Content-Length","Value":"59517"},{"Name":"Content-Type","Value":"text/javascript"},{"Name":"ETag","Value":"\"uAMYHAQlaHq1buKLwrk7FF4qxvcLWntS2/DpdKucfmU=\""},{"Name":"Last-Modified","Value":"Tue, 09 Dec 2025 00:31:38 GMT"}],"EndpointProperties":[{"Name":"fingerprint","Value":"4908xmbfjr"},{"Name":"integrity","Value":"sha256-uAMYHAQlaHq1buKLwrk7FF4qxvcLWntS2/DpdKucfmU="},{"Name":"label","Value":"lib/bootstrap/dist/js/bootstrap.min.js"}]},{"Route":"lib/bootstrap/dist/js/bootstrap.min.js","AssetFile":"lib/bootstrap/dist/js/bootstrap.min.js","Selectors":[],"ResponseHeaders":[{"Name":"Cache-Control","Value":"no-cache"},{"Name":"Content-Length","Value":"59517"},{"Name":"Content-Type","Value":"text/javascript"},{"Name":"ETag","Value":"\"uAMYHAQlaHq1buKLwrk7FF4qxvcLWntS2/DpdKucfmU=\""},{"Name":"Last-Modified","Value":"Tue, 09 Dec 2025 00:31:38 GMT"}],"EndpointProperties":[{"Name":"integrity","Value":"sha256-uAMYHAQlaHq1buKLwrk7FF4qxvcLWntS2/DpdKucfmU="}]},{"Route":"lib/bootstrap/dist/js/bootstrap.min.js.map","AssetFile":"lib/bootstrap/dist/js/bootstrap.min.js.map","Selectors":[],"ResponseHeaders":[{"Name":"Cache-Control","Value":"no-cache"},{"Name":"Content-Length","Value":"217145"},{"Name":"Content-Type","Value":"text/plain"},{"Name":"ETag","Value":"\"ui/FQI+y0IUsY8Pbi80b8s3GeEL+PsvdaLTONobpn88=\""},{"Name":"Last-Modified","Value":"Tue, 09 Dec 2025 00:31:38 GMT"}],"EndpointProperties":[{"Name":"integrity","Value":"sha256-ui/FQI+y0IUsY8Pbi80b8s3GeEL+PsvdaLTONobpn88="}]},{"Route":"lib/bootstrap/dist/js/bootstrap.min.js.u33ctipx7g.map","AssetFile":"lib/bootstrap/dist/js/bootstrap.min.js.map","Selectors":[],"ResponseHeaders":[{"Name":"Cache-Control","Value":"max-age=31536000, immutable"},{"Name":"Content-Length","Value":"217145"},{"Name":"Content-Type","Value":"text/plain"},{"Name":"ETag","Value":"\"ui/FQI+y0IUsY8Pbi80b8s3GeEL+PsvdaLTONobpn88=\""},{"Name":"Last-Modified","Value":"Tue, 09 Dec 2025 00:31:38 GMT"}],"EndpointProperties":[{"Name":"fingerprint","Value":"u33ctipx7g"},{"Name":"integrity","Value":"sha256-ui/FQI+y0IUsY8Pbi80b8s3GeEL+PsvdaLTONobpn88="},{"Name":"label","Value":"lib/bootstrap/dist/js/bootstrap.min.js.map"}]},{"Route":"lib/jquery-validation-unobtrusive/LICENSE.j2anw0tqp7.txt","AssetFile":"lib/jquery-validation-unobtrusive/LICENSE.txt","Selectors":[],"ResponseHeaders":[{"Name":"Cache-Control","Value":"max-age=31536000, immutable"},{"Name":"Content-Length","Value":"592"},{"Name":"Content-Type","Value":"text/plain"},{"Name":"ETag","Value":"\"Rf2OloNeyMPaKEzyzOAUFsM0l8hlCgplmyxRzVYpCXI=\""},{"Name":"Last-Modified","Value":"Tue, 09 Dec 2025 00:31:38 GMT"}],"EndpointProperties":[{"Name":"fingerprint","Value":"j2anw0tqp7"},{"Name":"integrity","Value":"sha256-Rf2OloNeyMPaKEzyzOAUFsM0l8hlCgplmyxRzVYpCXI="},{"Name":"label","Value":"lib/jquery-validation-unobtrusive/LICENSE.txt"}]},{"Route":"lib/jquery-validation-unobtrusive/LICENSE.txt","AssetFile":"lib/jquery-validation-unobtrusive/LICENSE.txt","Selectors":[],"ResponseHeaders":[{"Name":"Cache-Control","Value":"no-cache"},{"Name":"Content-Length","Value":"592"},{"Name":"Content-Type","Value":"text/plain"},{"Name":"ETag","Value":"\"Rf2OloNeyMPaKEzyzOAUFsM0l8hlCgplmyxRzVYpCXI=\""},{"Name":"Last-Modified","Value":"Tue, 09 Dec 2025 00:31:38 GMT"}],"EndpointProperties":[{"Name":"integrity","Value":"sha256-Rf2OloNeyMPaKEzyzOAUFsM0l8hlCgplmyxRzVYpCXI="}]},{"Route":"lib/jquery-validation-unobtrusive/jquery.validate.unobtrusive.agn0hcllul.js","AssetFile":"lib/jquery-validation-unobtrusive/jquery.validate.unobtrusive.js","Selectors":[],"ResponseHeaders":[{"Name":"Cache-Control","Value":"max-age=31536000, immutable"},{"Name":"Content-Length","Value":"19803"},{"Name":"Content-Type","Value":"text/javascript"},{"Name":"ETag","Value":"\"umednYbSWXJppe+GuF5o4ndecFdJ8qCT+ulU4WkJaY8=\""},{"Name":"Last-Modified","Value":"Tue, 09 Dec 2025 00:31:38 GMT"}],"EndpointProperties":[{"Name":"fingerprint","Value":"agn0hcllul"},{"Name":"integrity","Value":"sha256-umednYbSWXJppe+GuF5o4ndecFdJ8qCT+ulU4WkJaY8="},{"Name":"label","Value":"lib/jquery-validation-unobtrusive/jquery.validate.unobtrusive.js"}]},{"Route":"lib/jquery-validation-unobtrusive/jquery.validate.unobtrusive.js","AssetFile":"lib/jquery-validation-unobtrusive/jquery.validate.unobtrusive.js","Selectors":[],"ResponseHeaders":[{"Name":"Cache-Control","Value":"no-cache"},{"Name":"Content-Length","Value":"19803"},{"Name":"Content-Type","Value":"text/javascript"},{"Name":"ETag","Value":"\"umednYbSWXJppe+GuF5o4ndecFdJ8qCT+ulU4WkJaY8=\""},{"Name":"Last-Modified","Value":"Tue, 09 Dec 2025 00:31:38 GMT"}],"EndpointProperties":[{"Name":"integrity","Value":"sha256-umednYbSWXJppe+GuF5o4ndecFdJ8qCT+ulU4WkJaY8="}]},{"Route":"lib/jquery-validation-unobtrusive/jquery.validate.unobtrusive.min.js","AssetFile":"lib/jquery-validation-unobtrusive/jquery.validate.unobtrusive.min.js","Selectors":[],"ResponseHeaders":[{"Name":"Cache-Control","Value":"no-cache"},{"Name":"Content-Length","Value":"5873"},{"Name":"Content-Type","Value":"text/javascript"},{"Name":"ETag","Value":"\"BtVmVJsyUIncIatblQsAlI06bS8pb2yZBcrDOa7snJw=\""},{"Name":"Last-Modified","Value":"Tue, 09 Dec 2025 00:31:38 GMT"}],"EndpointProperties":[{"Name":"integrity","Value":"sha256-BtVmVJsyUIncIatblQsAlI06bS8pb2yZBcrDOa7snJw="}]},{"Route":"lib/jquery-validation-unobtrusive/jquery.validate.unobtrusive.min.mt9h37ga6s.js","AssetFile":"lib/jquery-validation-unobtrusive/jquery.validate.unobtrusive.min.js","Selectors":[],"ResponseHeaders":[{"Name":"Cache-Control","Value":"max-age=31536000, immutable"},{"Name":"Content-Length","Value":"5873"},{"Name":"Content-Type","Value":"text/javascript"},{"Name":"ETag","Value":"\"BtVmVJsyUIncIatblQsAlI06bS8pb2yZBcrDOa7snJw=\""},{"Name":"Last-Modified","Value":"Tue, 09 Dec 2025 00:31:38 GMT"}],"EndpointProperties":[{"Name":"fingerprint","Value":"mt9h37ga6s"},{"Name":"integrity","Value":"sha256-BtVmVJsyUIncIatblQsAlI06bS8pb2yZBcrDOa7snJw="},{"Name":"label","Value":"lib/jquery-validation-unobtrusive/jquery.validate.unobtrusive.min.js"}]},{"Route":"lib/jquery-validation/LICENSE.md","AssetFile":"lib/jquery-validation/LICENSE.md","Selectors":[],"ResponseHeaders":[{"Name":"Cache-Control","Value":"no-cache"},{"Name":"Content-Length","Value":"1122"},{"Name":"Content-Type","Value":"text/markdown"},{"Name":"ETag","Value":"\"W8IZRVFv/T34MiAnDFDE19pT8Bipgolo5FIxz4TyIxI=\""},{"Name":"Last-Modified","Value":"Tue, 09 Dec 2025 00:31:38 GMT"}],"EndpointProperties":[{"Name":"integrity","Value":"sha256-W8IZRVFv/T34MiAnDFDE19pT8Bipgolo5FIxz4TyIxI="}]},{"Route":"lib/jquery-validation/LICENSE.tqqlbajhud.md","AssetFile":"lib/jquery-validation/LICENSE.md","Selectors":[],"ResponseHeaders":[{"Name":"Cache-Control","Value":"max-age=31536000, immutable"},{"Name":"Content-Length","Value":"1122"},{"Name":"Content-Type","Value":"text/markdown"},{"Name":"ETag","Value":"\"W8IZRVFv/T34MiAnDFDE19pT8Bipgolo5FIxz4TyIxI=\""},{"Name":"Last-Modified","Value":"Tue, 09 Dec 2025 00:31:38 GMT"}],"EndpointProperties":[{"Name":"fingerprint","Value":"tqqlbajhud"},{"Name":"integrity","Value":"sha256-W8IZRVFv/T34MiAnDFDE19pT8Bipgolo5FIxz4TyIxI="},{"Name":"label","Value":"lib/jquery-validation/LICENSE.md"}]},{"Route":"lib/jquery-validation/dist/additional-methods.js","AssetFile":"lib/jquery-validation/dist/additional-methods.js","Selectors":[],"ResponseHeaders":[{"Name":"Cache-Control","Value":"no-cache"},{"Name":"Content-Length","Value":"43189"},{"Name":"Content-Type","Value":"text/javascript"},{"Name":"ETag","Value":"\"RzhQ2OJtttzFYLcXFWD4f6r9LHHd25+pmHYwCJb+s3s=\""},{"Name":"Last-Modified","Value":"Tue, 09 Dec 2025 00:31:38 GMT"}],"EndpointProperties":[{"Name":"integrity","Value":"sha256-RzhQ2OJtttzFYLcXFWD4f6r9LHHd25+pmHYwCJb+s3s="}]},{"Route":"lib/jquery-validation/dist/additional-methods.min.js","AssetFile":"lib/jquery-validation/dist/additional-methods.min.js","Selectors":[],"ResponseHeaders":[{"Name":"Cache-Control","Value":"no-cache"},{"Name":"Content-Length","Value":"18467"},{"Name":"Content-Type","Value":"text/javascript"},{"Name":"ETag","Value":"\"2F/T6dcoSumcuA/fcU4W36VpSKPtq4nQf/0/vNFsC+w=\""},{"Name":"Last-Modified","Value":"Tue, 09 Dec 2025 00:31:38 GMT"}],"EndpointProperties":[{"Name":"integrity","Value":"sha256-2F/T6dcoSumcuA/fcU4W36VpSKPtq4nQf/0/vNFsC+w="}]},{"Route":"lib/jquery-validation/dist/additional-methods.min.sjab29p8z5.js","AssetFile":"lib/jquery-validation/dist/additional-methods.min.js","Selectors":[],"ResponseHeaders":[{"Name":"Cache-Control","Value":"max-age=31536000, immutable"},{"Name":"Content-Length","Value":"18467"},{"Name":"Content-Type","Value":"text/javascript"},{"Name":"ETag","Value":"\"2F/T6dcoSumcuA/fcU4W36VpSKPtq4nQf/0/vNFsC+w=\""},{"Name":"Last-Modified","Value":"Tue, 09 Dec 2025 00:31:38 GMT"}],"EndpointProperties":[{"Name":"fingerprint","Value":"sjab29p8z5"},{"Name":"integrity","Value":"sha256-2F/T6dcoSumcuA/fcU4W36VpSKPtq4nQf/0/vNFsC+w="},{"Name":"label","Value":"lib/jquery-validation/dist/additional-methods.min.js"}]},{"Route":"lib/jquery-validation/dist/additional-methods.xqb98zj6c2.js","AssetFile":"lib/jquery-validation/dist/additional-methods.js","Selectors":[],"ResponseHeaders":[{"Name":"Cache-Control","Value":"max-age=31536000, immutable"},{"Name":"Content-Length","Value":"43189"},{"Name":"Content-Type","Value":"text/javascript"},{"Name":"ETag","Value":"\"RzhQ2OJtttzFYLcXFWD4f6r9LHHd25+pmHYwCJb+s3s=\""},{"Name":"Last-Modified","Value":"Tue, 09 Dec 2025 00:31:38 GMT"}],"EndpointProperties":[{"Name":"fingerprint","Value":"xqb98zj6c2"},{"Name":"integrity","Value":"sha256-RzhQ2OJtttzFYLcXFWD4f6r9LHHd25+pmHYwCJb+s3s="},{"Name":"label","Value":"lib/jquery-validation/dist/additional-methods.js"}]},{"Route":"lib/jquery-validation/dist/jquery.validate.87x6d1n6sq.js","AssetFile":"lib/jquery-validation/dist/jquery.validate.js","Selectors":[],"ResponseHeaders":[{"Name":"Cache-Control","Value":"max-age=31536000, immutable"},{"Name":"Content-Length","Value":"50281"},{"Name":"Content-Type","Value":"text/javascript"},{"Name":"ETag","Value":"\"bFGPGMt78VH5cDKfunqrPMyN8kihHB2Efomoh7uK51E=\""},{"Name":"Last-Modified","Value":"Tue, 09 Dec 2025 00:31:38 GMT"}],"EndpointProperties":[{"Name":"fingerprint","Value":"87x6d1n6sq"},{"Name":"integrity","Value":"sha256-bFGPGMt78VH5cDKfunqrPMyN8kihHB2Efomoh7uK51E="},{"Name":"label","Value":"lib/jquery-validation/dist/jquery.validate.js"}]},{"Route":"lib/jquery-validation/dist/jquery.validate.js","AssetFile":"lib/jquery-validation/dist/jquery.validate.js","Selectors":[],"ResponseHeaders":[{"Name":"Cache-Control","Value":"no-cache"},{"Name":"Content-Length","Value":"50281"},{"Name":"Content-Type","Value":"text/javascript"},{"Name":"ETag","Value":"\"bFGPGMt78VH5cDKfunqrPMyN8kihHB2Efomoh7uK51E=\""},{"Name":"Last-Modified","Value":"Tue, 09 Dec 2025 00:31:38 GMT"}],"EndpointProperties":[{"Name":"integrity","Value":"sha256-bFGPGMt78VH5cDKfunqrPMyN8kihHB2Efomoh7uK51E="}]},{"Route":"lib/jquery-validation/dist/jquery.validate.min.4dm14o4hmc.js","AssetFile":"lib/jquery-validation/dist/jquery.validate.min.js","Selectors":[],"ResponseHeaders":[{"Name":"Cache-Control","Value":"max-age=31536000, immutable"},{"Name":"Content-Length","Value":"23264"},{"Name":"Content-Type","Value":"text/javascript"},{"Name":"ETag","Value":"\"eItLFOyfQ4d/OGzEnGchi2ZMVF8EhGgzS0k7fSOPifQ=\""},{"Name":"Last-Modified","Value":"Tue, 09 Dec 2025 00:31:38 GMT"}],"EndpointProperties":[{"Name":"fingerprint","Value":"4dm14o4hmc"},{"Name":"integrity","Value":"sha256-eItLFOyfQ4d/OGzEnGchi2ZMVF8EhGgzS0k7fSOPifQ="},{"Name":"label","Value":"lib/jquery-validation/dist/jquery.validate.min.js"}]},{"Route":"lib/jquery-validation/dist/jquery.validate.min.js","AssetFile":"lib/jquery-validation/dist/jquery.validate.min.js","Selectors":[],"ResponseHeaders":[{"Name":"Cache-Control","Value":"no-cache"},{"Name":"Content-Length","Value":"23264"},{"Name":"Content-Type","Value":"text/javascript"},{"Name":"ETag","Value":"\"eItLFOyfQ4d/OGzEnGchi2ZMVF8EhGgzS0k7fSOPifQ=\""},{"Name":"Last-Modified","Value":"Tue, 09 Dec 2025 00:31:38 GMT"}],"EndpointProperties":[{"Name":"integrity","Value":"sha256-eItLFOyfQ4d/OGzEnGchi2ZMVF8EhGgzS0k7fSOPifQ="}]},{"Route":"lib/jquery/LICENSE.txt","AssetFile":"lib/jquery/LICENSE.txt","Selectors":[],"ResponseHeaders":[{"Name":"Cache-Control","Value":"no-cache"},{"Name":"Content-Length","Value":"1646"},{"Name":"Content-Type","Value":"text/plain"},{"Name":"ETag","Value":"\"JvMoZcR5zju7V7Yq6XFeZnlh5sQZZ3Z7nVLiCDOHM9o=\""},{"Name":"Last-Modified","Value":"Tue, 09 Dec 2025 00:31:38 GMT"}],"EndpointProperties":[{"Name":"integrity","Value":"sha256-JvMoZcR5zju7V7Yq6XFeZnlh5sQZZ3Z7nVLiCDOHM9o="}]},{"Route":"lib/jquery/LICENSE.yyb16do6r6.txt","AssetFile":"lib/jquery/LICENSE.txt","Selectors":[],"ResponseHeaders":[{"Name":"Cache-Control","Value":"max-age=31536000, immutable"},{"Name":"Content-Length","Value":"1646"},{"Name":"Content-Type","Value":"text/plain"},{"Name":"ETag","Value":"\"JvMoZcR5zju7V7Yq6XFeZnlh5sQZZ3Z7nVLiCDOHM9o=\""},{"Name":"Last-Modified","Value":"Tue, 09 Dec 2025 00:31:38 GMT"}],"EndpointProperties":[{"Name":"fingerprint","Value":"yyb16do6r6"},{"Name":"integrity","Value":"sha256-JvMoZcR5zju7V7Yq6XFeZnlh5sQZZ3Z7nVLiCDOHM9o="},{"Name":"label","Value":"lib/jquery/LICENSE.txt"}]},{"Route":"lib/jquery/dist/jquery.js","AssetFile":"lib/jquery/dist/jquery.js","Selectors":[],"ResponseHeaders":[{"Name":"Cache-Control","Value":"no-cache"},{"Name":"Content-Length","Value":"298507"},{"Name":"Content-Type","Value":"text/javascript"},{"Name":"ETag","Value":"\"SOPLYD2Vi+KmxGQmv3D281c40jvVN6W9MB5yuX7OvAE=\""},{"Name":"Last-Modified","Value":"Tue, 09 Dec 2025 00:31:38 GMT"}],"EndpointProperties":[{"Name":"integrity","Value":"sha256-SOPLYD2Vi+KmxGQmv3D281c40jvVN6W9MB5yuX7OvAE="}]},{"Route":"lib/jquery/dist/jquery.min.dsw5v3fbc5.map","AssetFile":"lib/jquery/dist/jquery.min.map","Selectors":[],"ResponseHeaders":[{"Name":"Cache-Control","Value":"max-age=31536000, immutable"},{"Name":"Content-Length","Value":"137974"},{"Name":"Content-Type","Value":"text/plain"},{"Name":"ETag","Value":"\"PVB97BePQ5JED6qSU7EvSun5iseF5FinCKtqsv5X9uA=\""},{"Name":"Last-Modified","Value":"Tue, 09 Dec 2025 00:31:38 GMT"}],"EndpointProperties":[{"Name":"fingerprint","Value":"dsw5v3fbc5"},{"Name":"integrity","Value":"sha256-PVB97BePQ5JED6qSU7EvSun5iseF5FinCKtqsv5X9uA="},{"Name":"label","Value":"lib/jquery/dist/jquery.min.map"}]},{"Route":"lib/jquery/dist/jquery.min.js","AssetFile":"lib/jquery/dist/jquery.min.js","Selectors":[],"ResponseHeaders":[{"Name":"Cache-Control","Value":"no-cache"},{"Name":"Content-Length","Value":"89478"},{"Name":"Content-Type","Value":"text/javascript"},{"Name":"ETag","Value":"\"82hEkGrSMJh3quMSG4f7FbngmAPLTDM63H4eNayS4Us=\""},{"Name":"Last-Modified","Value":"Tue, 09 Dec 2025 00:31:38 GMT"}],"EndpointProperties":[{"Name":"integrity","Value":"sha256-82hEkGrSMJh3quMSG4f7FbngmAPLTDM63H4eNayS4Us="}]},{"Route":"lib/jquery/dist/jquery.min.map","AssetFile":"lib/jquery/dist/jquery.min.map","Selectors":[],"ResponseHeaders":[{"Name":"Cache-Control","Value":"no-cache"},{"Name":"Content-Length","Value":"137974"},{"Name":"Content-Type","Value":"text/plain"},{"Name":"ETag","Value":"\"PVB97BePQ5JED6qSU7EvSun5iseF5FinCKtqsv5X9uA=\""},{"Name":"Last-Modified","Value":"Tue, 09 Dec 2025 00:31:38 GMT"}],"EndpointProperties":[{"Name":"integrity","Value":"sha256-PVB97BePQ5JED6qSU7EvSun5iseF5FinCKtqsv5X9uA="}]},{"Route":"lib/jquery/dist/jquery.min.rm8d4uw1xt.js","AssetFile":"lib/jquery/dist/jquery.min.js","Selectors":[],"ResponseHeaders":[{"Name":"Cache-Control","Value":"max-age=31536000, immutable"},{"Name":"Content-Length","Value":"89478"},{"Name":"Content-Type","Value":"text/javascript"},{"Name":"ETag","Value":"\"82hEkGrSMJh3quMSG4f7FbngmAPLTDM63H4eNayS4Us=\""},{"Name":"Last-Modified","Value":"Tue, 09 Dec 2025 00:31:38 GMT"}],"EndpointProperties":[{"Name":"fingerprint","Value":"rm8d4uw1xt"},{"Name":"integrity","Value":"sha256-82hEkGrSMJh3quMSG4f7FbngmAPLTDM63H4eNayS4Us="},{"Name":"label","Value":"lib/jquery/dist/jquery.min.js"}]},{"Route":"lib/jquery/dist/jquery.ocnyicncx6.js","AssetFile":"lib/jquery/dist/jquery.js","Selectors":[],"ResponseHeaders":[{"Name":"Cache-Control","Value":"max-age=31536000, immutable"},{"Name":"Content-Length","Value":"298507"},{"Name":"Content-Type","Value":"text/javascript"},{"Name":"ETag","Value":"\"SOPLYD2Vi+KmxGQmv3D281c40jvVN6W9MB5yuX7OvAE=\""},{"Name":"Last-Modified","Value":"Tue, 09 Dec 2025 00:31:38 GMT"}],"EndpointProperties":[{"Name":"fingerprint","Value":"ocnyicncx6"},{"Name":"integrity","Value":"sha256-SOPLYD2Vi+KmxGQmv3D281c40jvVN6W9MB5yuX7OvAE="},{"Name":"label","Value":"lib/jquery/dist/jquery.js"}]}]}